Language_ID	F001	F002	F003	F004	F005	F006	F007	F008	F009	F010	F011	F012	F013	F014	F015	F016	F017	F018	F019	F020	F021	F022	F023	F024	F025	F026	F027	F028	F029	F030	F031	F032	F033	F034	F035	F036	F037	F038	F039	F040	F041	F042	F043	F044	F045	F046	F047	F048	F049	F050	F051	F052	F053	F054	F055	F056	F057	F058	F059	F060	F061	F062	F063	F064	F065	F066	F067	F068	F069	F070	F071	F072	F073	F074	F075	F076	F077	F078	F079	F080	F081	F082	F083	F084	F085	F086	F087	F088	F089	F090	F091	F092	F093	F094	F095	F096	F097	F098	F099	F100	F101	F102	F103	F104	F105	F106	F107	F108	F109	F110	F111	F112	F113	F114	F115	F116	F117	F118	F119	F120	F121	F122	F123	F124	F125	F126	F127	F128	F129	F130	F131	F132	F133	F134	F135	F136	F137	F138	F139	F140	F141	F142	F143	F144	F145	F146	F147	F148	F149	F150	F151	F152	F153	F154	F155	F156	F157	F158	F159	F160
abau1245	0	0	1	0	0	0	0	0	0	0	0	0	0	0	1	0	1	1	1	0	0	0	0	2	2	0	1	0	0	1	1	0	1	0	0	0	0	0	0	0	0	0	0	0	0	NA	NA	NA	NA	1	1	1	0	0	1	1	1	0	0	0	0	0	0	0	1	0	NA	0	0	1	1	1	1	0	1	0	1	0	1	NA	0	0	0	1	1	0	NA	1	0	0	0	0	0	0	NA	NA	NA	NA	0	NA	0	0	0	0	1	1	0	1	1	0	0	NA	1	0	1	NA	0	1	NA	1	NA	1	NA	1	1	1	NA	0	0	1	0	0	1	1	1	1	1	0	1	0	0	1	0	1	0	NA	0	0	0	0	0	1	1	1	0	NA	NA	1	1	1
abui1241	0	0	1	0	1	0	1	0	0	0	1	0	1	1	1	1	1	0	0	1	0	0	1	2	3	0	1	1	0	0	0	0	0	0	1	1	0	0	0	0	0	0	0	0	NA	1	0	0	0	0	0	0	0	0	0	0	0	0	1	1	1	0	0	1	1	0	2	1	0	0	0	0	0	0	0	0	0	NA	0	1	0	0	0	0	0	1	0	0	0	1	0	0	0	1	0	1	0	0	0	0	0	0	0	0	NA	0	0	0	0	1	NA	1	0	0	1	0	0	1	0	1	0	1	1	0	0	0	1	0	0	1	0	0	1	1	1	1	1	0	1	1	1	1	0	0	1	1	0	0	0	0	0	1	NA	1	0	0	1	1	0	0
adze1240	1	0	1	1	0	0	1	0	0	0	0	0	0	0	1	0	1	1	0	0	0	0	0	2	2	0	1	1	0	0	0	0	0	0	0	0	1	0	0	0	0	0	0	0	NA	1	1	0	NA	0	NA	NA	NA	NA	0	NA	0	0	1	1	0	1	0	1	1	0	4	0	0	0	0	0	0	1	0	0	1	1	1	1	0	0	0	1	0	1	0	NA	0	0	0	0	0	0	NA	NA	NA	NA	0	0	0	0	0	0	0	0	0	0	0	0	0	NA	0	0	0	NA	0	1	0	0	0	NA	NA	NA	NA	NA	NA	0	0	1	0	1	0	1	1	1	1	0	1	0	0	1	NA	NA	0	0	0	0	0	0	0	1	1	NA	0	NA	0	1	NA	1
alam1246	1	0	1	0	0	1	1	0	0	0	0	1	0	1	1	0	1	1	1	1	0	1	0	1	1	0	1	0	0	1	1	0	0	0	0	0	0	0	0	0	0	1	1	1	0	0	1	1	0	1	1	1	0	0	1	0	NA	NA	0	0	0	1	1	0	1	0	2	0	0	0	0	0	0	0	1	0	1	0	1	1	0	1	1	1	1	1	1	0	1	0	1	0	1	0	NA	NA	NA	NA	0	0	1	0	1	0	1	1	1	1	0	0	1	0	1	0	1	0	1	1	0	0	0	1	0	1	1	1	1	1	0	1	0	1	1	1	1	0	0	0	1	0	0	1	0	1	0	0	0	0	0	1	1	1	0	1	1	0	1	1	0	1
ambu1247	1	0	1	1	0	0	0	1	0	0	0	1	0	0	1	0	1	0	0	0	0	0	0	2	1	0	1	0	0	1	1	1	1	NA	0	0	0	0	0	0	0	0	0	0	NA	1	1	NA	NA	1	1	0	0	0	0	0	0	0	0	0	0	1	1	0	1	0	2	0	0	0	0	0	0	0	1	0	1	1	1	1	0	1	1	1	0	0	0	1	1	0	1	0	0	0	NA	NA	NA	NA	0	0	0	0	1	0	0	0	0	1	0	0	0	NA	0	0	NA	0	0	NA	0	1	0	1	0	NA	NA	NA	1	0	0	1	0	1	1	1	NA	0	1	1	1	1	0	1	0	1	0	0	NA	0	0	1	1	1	1	0	1	NA	1	1	1	1
anem1249	1	0	1	0	1	1	1	0	0	0	0	1	0	0	1	0	1	1	0	0	0	0	0	2	2	0	NA	1	0	1	0	0	0	0	1	0	0	0	NA	0	1	0	0	0	0	NA	NA	NA	NA	1	1	0	0	0	1	1	0	1	1	0	0	1	0	1	2	0	1	0	0	0	0	0	0	1	0	0	1	0	1	0	0	0	0	0	0	0	1	0	0	1	0	1	1	0	NA	NA	NA	NA	0	1	1	1	1	NA	1	0	0	NA	1	0	1	0	1	1	1	0	0	1	0	0	0	0	1	0	0	1	1	0	0	1	0	1	0	1	1	1	1	0	1	1	0	1	0	1	0	0	0	0	NA	0	0	0	1	1	0	0	1	1	0	1
anin1240	1	0	0	0	1	0	0	1	1	0	0	1	1	0	1	0	0	0	1	0	0	0	0	3	3	1	1	1	0	1	1	1	0	1	1	0	1	1	0	0	0	0	1	1	0	0	1	1	1	1	1	0	1	0	0	1	1	0	1	1	1	1	1	1	3	0	2	0	0	0	0	0	0	0	1	0	1	1	1	0	0	1	1	1	0	1	1	0	0	1	0	1	0	1	1	0	1	0	0	1	1	1	1	0	1	1	1	0	0	0	1	0	1	1	1	1	0	1	0	0	0	0	1	0	0	0	0	0	1	NA	NA	NA	NA	1	1	0	1	1	1	1	0	0	1	1	1	0	0	0	0	0	0	1	0	0	1	0	0	1	1	1
aram1253	0	1	1	1	0	0	1	1	0	0	0	1	0	NA	1	0	1	1	0	0	0	0	0	3	3	0	1	0	0	1	0	0	1	0	1	0	0	0	0	NA	0	0	0	1	0	0	1	1	0	0	NA	NA	NA	NA	1	0	NA	NA	1	1	1	1	1	1	1	0	NA	0	0	0	1	0	0	0	1	1	1	1	1	1	0	1	1	1	1	1	0	NA	1	1	1	0	0	1	0	1	0	0	0	1	1	1	1	0	1	1	0	1	1	0	0	0	0	1	NA	1	1	0	0	0	0	0	0	1	0	NA	NA	0	0	1	0	0	1	1	0	0	0	1	1	1	1	1	0	0	0	1	0	0	0	0	0	1	NA	0	NA	NA	1	1	1	1
aros1241	NA	NA	1	0	0	0	1	NA	NA	0	1	NA	0	NA	NA	NA	0	NA	NA	1	NA	NA	NA	NA	NA	NA	NA	1	NA	0	NA	1	0	NA	NA	0	NA	0	0	0	NA	0	0	0	NA	NA	NA	NA	NA	0	NA	NA	NA	NA	NA	NA	0	1	0	1	0	1	1	1	NA	0	1	NA	NA	1	NA	1	NA	1	0	0	1	NA	NA	NA	NA	NA	NA	NA	NA	NA	NA	NA	0	0	0	0	1	0	0	0	0	0	0	0	0	0	0	NA	NA	NA	1	NA	NA	NA	0	1	1	0	1	0	0	1	NA	NA	NA	NA	NA	NA	NA	NA	0	NA	0	1	0	1	0	NA	NA	1	0	NA	1	1	0	1	0	1	0	0	NA	NA	NA	0	0	0	NA	NA	1	NA	NA	NA	NA	NA
atam1239	1	1	1	0	1	1	0	1	0	0	1	0	0	1	1	0	1	NA	NA	0	0	0	0	NA	NA	NA	1	0	1	0	0	0	0	0	0	0	0	0	0	0	0	0	0	0	0	NA	1	1	0	0	NA	NA	NA	NA	NA	NA	0	0	1	1	0	1	1	1	3	0	4	0	0	0	1	0	1	0	1	1	1	1	0	0	0	1	1	1	0	1	0	0	0	0	0	0	0	0	NA	NA	NA	NA	0	0	0	0	0	0	0	1	0	0	0	0	1	0	1	1	1	0	0	0	0	0	0	0	0	0	0	0	NA	0	0	1	0	0	1	NA	1	0	0	1	1	NA	1	1	NA	NA	1	0	NA	NA	0	0	0	1	0	0	0	0	NA	1	1	NA
ayiw1239	NA	NA	1	1	0	0	1	NA	NA	0	1	NA	NA	NA	NA	NA	0	NA	NA	0	NA	NA	NA	NA	NA	NA	NA	1	NA	0	NA	0	0	NA	NA	0	NA	0	0	0	0	0	0	1	1	NA	NA	NA	NA	0	NA	NA	NA	NA	NA	NA	NA	1	1	1	0	1	0	1	NA	0	2	NA	NA	0	NA	0	NA	1	0	0	1	NA	NA	NA	1	NA	NA	NA	NA	NA	NA	NA	0	1	1	0	1	0	NA	NA	NA	0	0	1	0	1	0	NA	0	0	1	NA	NA	NA	0	0	1	NA	1	0	0	1	NA	NA	NA	1	0	NA	NA	NA	1	0	0	NA	NA	1	NA	NA	NA	1	1	0	1	1	0	0	NA	NA	NA	NA	NA	NA	NA	0	0	NA	1	0	1	NA	1	1	NA	NA
band1339	1	1	0	0	1	0	0	1	0	0	1	0	0	1	1	0	1	0	0	0	0	0	0	3	3	1	1	0	0	1	0	0	0	0	1	0	1	0	0	0	0	0	0	1	1	NA	1	1	1	1	1	0	0	0	1	0	0	0	1	1	0	1	1	1	NA	NA	4	1	0	0	1	0	1	0	1	1	1	1	0	1	NA	1	1	1	1	1	0	0	0	0	0	0	0	0	NA	NA	NA	NA	0	0	0	0	0	0	1	1	0	0	0	0	0	0	1	1	1	0	0	1	0	0	0	0	0	0	0	0	0	0	0	1	0	0	1	1	0	0	0	1	1	NA	1	1	1	0	1	0	0	1	0	0	0	1	0	0	1	0	0	1	1	1
bann1247	1	NA	1	0	0	1	1	0	0	0	1	0	0	NA	1	0	1	0	0	NA	NA	1	0	2	1	0	NA	1	0	0	0	1	1	NA	1	0	0	0	0	0	NA	0	0	0	0	NA	NA	NA	NA	0	NA	NA	NA	NA	0	NA	1	0	1	1	0	1	0	1	3	1	1	NA	NA	0	0	0	0	1	0	0	1	NA	1	1	0	0	0	0	0	0	1	0	0	0	0	0	1	0	0	0	0	0	0	1	1	0	0	0	1	1	0	0	NA	NA	0	0	1	NA	1	0	0	1	NA	NA	NA	NA	NA	NA	NA	1	NA	0	0	NA	0	1	0	NA	NA	0	0	0	1	1	0	1	NA	1	0	NA	NA	0	0	0	0	0	NA	1	1	0	NA	1	NA	NA
bard1255	1	1	NA	NA	NA	NA	NA	NA	NA	NA	NA	NA	NA	NA	NA	NA	NA	NA	NA	NA	NA	NA	NA	NA	NA	NA	NA	NA	NA	NA	NA	NA	NA	NA	NA	NA	NA	NA	NA	NA	NA	NA	NA	NA	NA	NA	NA	NA	NA	NA	NA	NA	NA	NA	NA	NA	NA	NA	NA	NA	NA	NA	NA	NA	NA	NA	NA	NA	NA	NA	NA	NA	NA	NA	NA	NA	NA	NA	NA	NA	NA	NA	NA	NA	NA	NA	NA	NA	NA	NA	NA	NA	NA	NA	NA	NA	NA	NA	NA	NA	NA	NA	NA	NA	NA	NA	NA	NA	NA	NA	NA	NA	NA	NA	NA	NA	NA	NA	NA	NA	NA	NA	NA	NA	NA	NA	NA	NA	NA	NA	NA	NA	NA	NA	NA	NA	NA	NA	NA	NA	NA	NA	NA	NA	NA	NA	NA	NA	NA	NA	NA	NA	NA	NA	NA	NA	NA	NA	NA	NA
bata1293	0	0	1	0	1	0	1	1	0	0	0	1	0	0	1	0	1	0	0	0	0	0	0	1	2	0	0	1	0	0	0	0	0	0	1	0	0	0	0	0	0	0	0	0	0	0	1	1	1	0	NA	NA	NA	NA	0	0	0	0	0	0	0	1	0	1	2	0	1	1	0	0	1	0	0	1	1	0	1	1	1	1	1	0	0	0	0	1	0	0	1	1	1	1	0	0	0	0	0	1	0	0	0	0	0	0	0	0	0	0	0	0	0	0	1	1	1	0	0	1	1	1	0	0	0	1	0	1	0	0	0	3	1	1	0	0	1	0	1	1	1	1	0	1	0	1	0	1	1	1	0	0	0	0	0	0	1	0	0	1	1	1
bauz1241	0	NA	1	0	0	0	1	0	0	0	1	0	NA	NA	NA	0	1	0	0	NA	0	NA	0	2	2	0	1	0	0	0	0	0	0	0	1	0	0	0	0	0	0	0	0	0	NA	1	1	1	1	0	0	0	0	0	0	0	0	0	0	1	0	1	1	0	3	0	2	1	NA	1	1	1	1	0	1	0	1	NA	0	1	0	0	0	0	0	1	1	0	0	0	0	0	0	0	NA	NA	NA	NA	0	1	0	0	0	0	0	0	0	1	1	0	1	0	0	0	1	0	1	1	1	0	0	NA	0	NA	NA	1	0	0	0	1	0	0	1	1	1	0	1	NA	1	0	1	0	0	0	0	0	0	0	0	1	1	1	1	1	0	NA	1	0	0	0
bela1260	1	NA	1	0	0	1	1	0	0	0	0	0	0	0	1	0	1	1	1	0	0	0	0	2	3	0	NA	1	0	1	1	0	0	0	0	0	0	0	0	0	0	0	0	0	NA	NA	NA	0	0	0	NA	NA	NA	NA	1	0	1	0	0	0	0	1	0	1	2	NA	1	1	1	NA	NA	NA	NA	NA	NA	NA	NA	NA	NA	NA	NA	NA	NA	NA	NA	NA	NA	NA	NA	NA	NA	NA	NA	NA	NA	NA	NA	NA	NA	NA	NA	NA	NA	NA	NA	NA	NA	NA	NA	NA	NA	NA	NA	NA	NA	NA	NA	NA	NA	NA	NA	NA	NA	NA	NA	NA	NA	NA	NA	NA	NA	NA	NA	NA	NA	NA	NA	NA	NA	NA	NA	NA	NA	NA	NA	NA	NA	NA	NA	NA	NA	NA	NA	NA	NA	NA	NA	NA	NA	NA
biak1248	0	0	1	0	1	0	1	0	0	0	1	0	0	1	1	0	1	1	1	1	1	0	1	2	2	0	1	1	0	1	1	0	0	0	1	1	0	0	0	0	0	0	0	0	NA	0	1	0	1	1	0	0	1	0	1	1	0	0	1	1	1	1	0	1	3	0	1	1	1	0	0	0	0	1	0	0	1	1	1	0	0	0	0	0	0	1	0	0	0	1	0	1	0	0	NA	NA	NA	NA	0	0	0	0	0	1	0	0	0	0	0	0	1	1	0	0	1	0	1	1	0	1	0	0	0	0	0	0	0	0	0	1	0	1	0	1	1	1	1	0	1	1	0	1	0	1	0	0	1	0	0	0	0	0	1	0	0	0	1	1	0	0
bilu1245	1	0	1	0	1	0	1	0	0	0	0	0	0	0	1	0	0	0	0	1	1	1	0	1	1	0	1	1	0	1	1	1	0	0	0	0	0	0	0	0	0	0	0	0	0	NA	1	0	1	1	1	0	1	0	0	1	0	0	1	1	1	1	1	1	1	0	1	0	0	0	1	0	0	0	1	0	1	0	0	1	0	1	1	1	1	1	0	0	0	1	0	1	1	1	0	1	0	0	0	0	0	0	0	1	1	1	0	1	0	0	0	0	1	1	1	0	0	0	0	0	0	0	0	1	0	0	0	0	0	1	0	1	1	0	1	0	0	1	0	0	0	1	0	1	0	0	0	0	0	0	0	0	0	0	1	0	1	1	1	1
bine1240	1	0	1	0	1	0	1	0	0	0	1	0	0	0	1	0	0	1	0	0	0	0	0	1	1	0	1	1	0	1	0	0	1	0	1	0	1	0	0	0	0	0	0	0	NA	1	1	1	NA	0	NA	NA	NA	NA	1	0	0	0	0	0	0	0	0	0	1	0	4	0	0	0	1	0	1	0	1	1	1	1	1	1	0	1	1	1	1	0	0	NA	1	1	1	0	0	1	0	1	0	0	0	1	1	1	1	0	1	1	0	1	1	0	1	NA	NA	1	1	0	NA	NA	0	0	0	0	NA	0	0	1	NA	0	0	1	0	0	1	NA	NA	0	0	1	1	NA	1	1	0	0	0	1	1	0	0	0	0	0	NA	NA	NA	1	NA	NA	1	1
buki1249	0	0	1	0	1	0	1	1	0	0	0	1	0	0	1	0	1	1	1	0	0	0	0	3	1	0	1	0	0	1	1	0	0	0	0	0	0	0	1	1	NA	1	0	1	0	NA	NA	NA	NA	1	1	0	0	0	1	1	NA	NA	0	0	0	0	0	0	3	0	NA	0	0	0	0	0	0	1	0	0	1	0	1	1	0	0	0	0	0	0	1	0	1	1	0	1	1	1	0	1	0	0	0	0	0	0	1	0	1	1	1	1	0	0	1	0	0	1	NA	0	0	1	0	1	0	0	NA	NA	NA	NA	0	1	0	1	0	1	0	1	1	1	1	1	1	0	1	1	0	0	0	1	0	0	0	0	0	0	1	NA	0	NA	1	0	0	0
buna1278	0	0	1	0	1	0	1	0	0	0	0	0	0	0	1	0	1	0	0	1	0	0	1	NA	NA	0	1	1	0	1	1	0	0	0	0	0	0	0	0	0	0	0	0	0	0	1	1	0	1	1	0	0	1	1	0	1	0	0	1	1	1	0	0	1	NA	1	NA	1	1	0	0	0	0	0	1	0	1	1	0	0	0	0	0	0	0	0	0	0	0	1	0	0	0	1	NA	NA	NA	NA	0	0	0	0	0	0	1	1	0	0	0	0	1	NA	0	1	1	0	0	1	0	1	0	0	0	0	0	0	0	0	0	NA	0	1	1	1	1	1	1	0	1	1	1	1	0	0	0	0	0	0	0	0	0	0	NA	1	0	0	1	1	1	1
bunu1267	0	0	1	0	0	0	1	0	0	0	0	0	0	0	1	0	1	0	0	1	0	0	1	NA	NA	0	NA	1	0	0	0	0	0	0	1	0	1	0	0	0	0	0	0	0	0	NA	0	1	1	0	NA	NA	NA	NA	0	0	NA	0	NA	1	0	1	0	1	NA	NA	NA	1	1	0	0	0	0	1	0	0	1	0	1	1	1	0	0	0	0	0	0	0	1	0	1	0	0	0	0	0	0	0	0	0	0	0	1	1	1	1	0	1	0	0	0	0	1	NA	1	NA	NA	NA	NA	NA	NA	0	NA	NA	NA	1	NA	0	0	NA	1	NA	0	NA	NA	1	0	1	NA	NA	0	1	NA	NA	0	0	0	0	0	0	0	NA	NA	1	1	NA	0	1	1	1
bura1267	1	1	0	0	1	0	1	1	1	0	0	0	0	NA	1	0	1	0	1	0	0	0	0	3	NA	NA	1	0	1	1	1	1	0	1	1	0	1	0	0	0	0	0	NA	NA	NA	NA	1	1	1	1	1	0	1	1	0	1	0	0	1	1	1	1	0	1	3	0	4	0	0	0	0	1	1	0	1	0	1	0	1	1	NA	0	0	0	1	0	1	1	0	1	0	1	0	1	0	0	0	0	0	0	1	0	0	0	1	1	1	1	0	0	1	0	0	1	1	0	0	1	0	0	0	0	NA	0	0	0	1	0	0	NA	0	0	1	NA	NA	0	1	1	1	1	0	0	0	0	NA	NA	0	0	0	0	NA	1	NA	1	0	0	NA	NA	NA	NA
buru1303	1	0	1	0	1	0	1	0	0	0	0	0	0	0	1	0	0	0	0	0	0	0	0	2	2	0	0	1	0	0	0	0	0	0	0	1	0	0	0	0	0	0	0	1	0	1	1	0	1	0	NA	NA	NA	NA	0	0	1	0	0	1	0	1	0	1	1	0	1	1	1	0	0	0	0	1	0	0	1	1	1	1	0	0	0	0	0	1	0	0	0	1	0	1	1	0	0	0	0	0	0	0	0	0	1	0	1	0	0	1	0	0	0	0	1	0	1	NA	0	1	0	0	0	1	0	1	1	1	0	0	0	1	0	1	0	1	1	1	1	1	1	1	1	1	1	1	0	1	1	0	0	0	0	0	0	1	1	0	1	1	1	0
cebu1242	1	NA	1	0	1	0	1	0	0	0	0	0	1	0	NA	0	1	NA	0	1	1	1	0	1	NA	0	NA	1	0	0	0	0	0	0	1	0	0	0	0	0	0	0	0	0	NA	1	1	NA	1	0	NA	NA	NA	NA	NA	NA	0	0	0	0	0	0	0	0	3	0	1	0	0	0	1	0	1	NA	0	0	0	NA	1	1	1	0	0	0	0	1	1	0	0	0	0	0	0	0	0	0	0	0	0	1	0	0	0	0	1	0	0	0	0	0	0	0	1	0	NA	0	0	NA	NA	NA	NA	NA	NA	NA	NA	1	NA	0	0	2	1	0	0	1	1	1	0	1	1	1	1	0	0	1	1	0	0	0	0	0	0	0	NA	0	1	0	NA	1	1	1
cemu1238	1	0	1	1	0	1	0	1	0	0	1	0	NA	NA	NA	1	1	0	0	1	NA	1	0	2	2	0	1	1	0	0	0	0	0	0	1	0	0	0	0	0	NA	0	0	0	NA	NA	NA	1	NA	0	NA	NA	NA	NA	0	NA	0	0	1	1	0	1	1	1	2	0	2	NA	NA	0	1	0	0	1	0	1	1	NA	0	0	0	0	0	0	0	0	0	0	0	0	0	0	1	0	0	1	NA	0	0	0	0	0	NA	0	NA	NA	0	0	0	0	0	NA	1	NA	1	0	0	1	NA	NA	NA	NA	NA	NA	NA	NA	NA	NA	NA	2	1	0	0	NA	NA	1	0	1	1	1	0	NA	NA	NA	NA	NA	NA	NA	NA	NA	0	NA	NA	0	1	0	NA	NA	NA	NA
chek1238	1	0	1	0	1	1	1	1	0	0	0	0	0	0	1	0	0	1	0	1	1	0	1	1	2	0	1	1	0	1	1	1	0	0	0	0	0	0	0	0	0	0	0	0	NA	NA	1	NA	1	0	NA	NA	NA	NA	0	0	0	1	1	1	0	1	0	1	2	0	1	1	0	0	0	0	0	1	0	0	1	1	1	1	0	0	0	0	0	NA	NA	0	0	0	0	0	1	0	NA	NA	NA	NA	0	0	0	0	0	0	NA	NA	0	0	0	0	0	NA	1	0	1	NA	0	1	1	1	0	0	0	NA	NA	1	NA	NA	0	3	NA	1	0	0	NA	0	0	1	1	0	0	1	0	0	0	1	0	0	0	0	0	0	0	NA	1	NA	NA	1	1	0
dera1245	0	0	1	0	0	1	1	0	0	0	0	0	0	0	1	0	0	1	0	0	0	0	0	3	3	0	1	1	0	1	0	0	1	1	0	0	0	0	0	0	0	0	0	0	NA	NA	1	NA	NA	1	1	0	0	0	0	0	NA	NA	0	0	0	1	1	0	3	0	3	0	0	0	1	0	1	0	1	1	1	1	0	1	0	1	1	1	0	1	1	1	1	0	1	0	1	0	NA	NA	NA	NA	1	1	0	0	0	0	1	1	1	0	0	1	1	1	0	0	NA	0	1	1	1	0	0	0	0	1	0	1	1	1	0	1	0	0	1	1	1	0	1	0	1	0	0	1	0	1	0	0	0	0	0	1	1	1	NA	1	0	NA	1	1	0	0
djam1256	1	1	0	0	1	0	0	1	1	1	1	0	0	1	1	0	1	0	NA	NA	NA	NA	NA	NA	NA	NA	NA	NA	NA	NA	NA	NA	NA	NA	NA	NA	NA	NA	NA	NA	NA	NA	NA	NA	NA	NA	NA	NA	NA	NA	NA	NA	NA	NA	NA	NA	NA	NA	NA	NA	NA	NA	NA	NA	NA	NA	NA	NA	NA	NA	NA	NA	NA	NA	NA	NA	NA	NA	NA	NA	NA	NA	NA	NA	NA	NA	NA	NA	NA	NA	NA	NA	NA	NA	NA	NA	NA	NA	NA	NA	NA	NA	NA	NA	NA	NA	NA	NA	NA	NA	NA	NA	NA	NA	NA	NA	NA	NA	NA	NA	NA	NA	NA	NA	NA	NA	NA	NA	NA	NA	NA	NA	NA	NA	NA	NA	NA	NA	NA	NA	NA	NA	NA	NA	NA	NA	NA	NA	NA	NA	NA	NA	NA	NA	NA	NA	NA	NA	NA	NA
dong1285	NA	NA	NA	NA	NA	NA	NA	NA	NA	NA	NA	NA	NA	NA	NA	NA	NA	NA	NA	0	0	0	0	1	1	0	0	1	NA	0	0	NA	NA	0	0	0	0	0	0	NA	0	0	0	1	NA	0	1	1	1	NA	0	0	0	0	NA	NA	1	0	0	NA	0	1	1	1	1	NA	NA	0	0	1	1	1	1	0	1	0	1	NA	0	1	0	0	0	0	0	1	0	0	0	0	0	0	0	0	0	0	0	0	0	NA	NA	NA	0	0	NA	1	0	0	0	0	0	NA	1	1	1	0	1	1	0	0	0	0	0	0	0	1	0	NA	0	1	0	0	1	1	1	1	1	0	1	0	0	1	NA	NA	NA	0	0	0	0	1	0	1	NA	0	1	0	0	0	0	1
duna1248	0	0	1	1	1	0	0	0	0	0	0	0	1	0	0	1	0	0	0	1	0	0	1	NA	NA	0	1	0	0	0	1	1	0	0	0	1	1	0	0	0	0	0	0	0	0	1	1	0	0	0	NA	NA	NA	NA	0	0	0	0	0	0	0	1	1	0	NA	0	NA	0	0	0	0	0	0	0	1	0	1	0	0	1	0	0	0	0	0	0	0	1	0	0	0	0	0	0	NA	NA	NA	NA	0	0	0	0	0	0	1	1	1	1	0	1	1	0	0	0	0	0	0	1	NA	0	0	1	1	0	0	1	1	1	0	NA	0	0	1	1	1	1	1	0	1	0	0	1	0	1	NA	0	0	0	0	1	1	1	1	1	1	0	1	1	0	0
dutc1256	1	0	1	0	1	1	1	0	0	0	0	1	1	0	0	0	1	1	1	1	1	1	0	1	1	0	1	0	0	1	0	1	1	0	0	0	0	0	1	0	0	0	0	1	1	0	1	1	1	1	1	0	0	0	1	1	0	0	0	1	0	1	1	0	3	0	1	0	0	0	1	0	1	1	0	0	1	1	1	1	0	1	1	0	0	0	0	0	0	0	0	0	0	0	NA	NA	NA	NA	0	1	0	0	0	0	1	1	0	0	0	0	1	0	1	0	0	0	1	0	1	1	1	0	0	0	1	0	1	0	0	1	0	1	0	0	1	0	1	0	0	0	0	1	0	1	0	0	1	0	0	0	0	0	0	1	1	0	0	0	0	0
east2440	1	0	1	0	1	0	1	0	0	0	0	0	0	0	1	0	1	1	0	0	0	0	0	2	2	0	0	1	0	0	0	0	0	0	0	0	0	0	0	0	0	0	0	1	1	0	0	0	1	0	NA	NA	NA	NA	NA	NA	1	0	1	0	0	1	0	0	1	0	1	1	1	0	0	0	0	1	1	0	1	0	1	1	0	0	0	0	0	0	0	0	0	1	0	1	0	0	0	0	0	0	0	0	0	0	0	0	0	0	0	0	0	0	0	NA	1	NA	0	0	0	1	0	0	0	NA	0	0	0	0	0	0	0	3	0	1	NA	1	1	1	1	NA	1	1	1	1	NA	NA	NA	1	0	0	0	0	0	0	0	1	1	0	0	1	1	0
east2563	0	NA	1	0	1	0	0	1	0	0	0	1	NA	0	1	1	1	1	1	0	0	0	0	1	2	0	NA	1	0	0	0	0	0	0	0	0	0	0	0	0	0	0	0	0	NA	0	0	0	0	0	NA	NA	NA	NA	NA	NA	0	0	0	0	0	0	0	0	2	0	4	1	1	0	0	0	0	1	NA	0	1	0	1	0	0	0	0	0	0	0	0	0	0	0	0	0	0	0	NA	NA	NA	NA	0	0	0	0	0	0	0	1	0	0	0	0	0	NA	1	0	0	0	0	1	NA	0	0	0	0	0	0	1	NA	0	0	1	0	1	0	1	1	1	1	0	1	1	NA	NA	NA	NA	NA	0	0	0	0	0	0	0	0	1	1	0	0	1	1	0
fiji1243	0	0	1	1	1	0	0	0	0	0	1	0	0	1	1	0	0	0	0	0	0	1	0	3	2	0	0	1	0	0	1	0	0	0	1	0	0	0	0	0	0	0	0	0	NA	1	NA	NA	1	0	NA	NA	NA	NA	0	NA	0	1	1	1	0	1	0	1	2	1	1	1	0	0	1	0	0	1	0	0	1	0	1	1	0	0	1	1	0	0	0	0	0	1	0	0	0	0	0	0	0	0	0	0	0	0	0	1	0	0	0	0	0	0	0	0	1	0	0	0	0	NA	1	0	0	NA	NA	1	0	1	0	0	0	2	1	0	0	1	1	1	0	1	1	1	0	1	1	0	0	0	1	0	0	NA	0	0	0	0	1	0	NA	1	0	1
fore1270	0	0	1	1	0	0	0	0	0	0	0	1	1	0	0	1	0	0	0	0	0	0	0	NA	NA	0	0	0	0	0	1	0	1	0	1	1	0	0	0	0	0	0	0	0	NA	0	1	0	1	0	0	0	0	0	0	0	0	0	1	1	1	1	0	1	NA	0	NA	0	0	0	0	0	0	0	1	1	1	1	0	1	0	0	1	1	1	0	0	0	1	0	1	0	0	1	0	0	0	0	0	0	0	0	1	0	1	1	1	0	0	0	0	0	0	0	0	0	0	1	0	0	0	1	1	0	0	1	0	0	0	NA	0	0	1	1	1	1	0	0	1	1	0	1	0	1	0	0	0	0	0	1	1	1	0	0	0	1	1	1	0	0
futu1245	1	0	1	0	1	0	0	0	0	0	0	0	1	0	1	0	1	1	0	1	1	1	0	3	3	0	NA	1	0	0	1	0	0	0	1	0	0	0	0	0	0	0	0	1	0	0	NA	0	0	0	NA	NA	NA	NA	NA	NA	0	0	1	1	0	1	1	0	3	0	1	1	0	0	0	0	0	1	0	1	1	1	1	1	0	0	0	0	0	0	0	NA	1	NA	1	NA	0	0	0	0	0	0	0	NA	0	0	0	0	0	0	1	0	1	0	0	0	1	NA	NA	0	0	1	0	0	0	NA	NA	0	NA	1	NA	0	0	3	1	1	0	1	1	1	1	1	1	NA	NA	NA	NA	NA	NA	0	0	0	0	0	0	0	0	0	1	0	0	1	NA	0
gang1267	1	1	0	0	1	0	0	1	1	0	1	0	0	1	1	0	0	0	1	0	0	0	0	3	NA	NA	1	1	0	0	1	0	1	1	0	0	0	0	0	0	0	0	1	1	0	0	1	1	0	0	NA	NA	NA	NA	NA	NA	0	0	1	1	0	1	1	0	1	0	4	0	0	1	0	1	1	0	0	0	0	0	0	1	0	0	0	0	0	0	1	1	0	0	0	0	0	0	NA	NA	NA	NA	0	0	0	0	0	0	1	1	1	0	0	0	1	0	1	1	1	0	0	0	0	0	0	0	0	0	0	0	0	0	0	1	0	1	0	1	1	0	0	1	1	0	1	1	1	1	1	0	0	0	0	0	0	1	0	0	1	0	0	1	1	1
gapa1238	0	0	1	0	0	1	1	0	0	0	0	1	0	0	1	0	1	0	0	0	0	0	0	2	1	0	1	1	0	0	0	0	0	0	1	0	0	0	0	0	0	0	0	0	NA	NA	1	0	0	0	0	0	0	0	0	0	0	1	1	1	0	1	0	1	1	0	2	1	1	NA	NA	NA	NA	NA	NA	NA	NA	NA	NA	NA	NA	NA	NA	NA	NA	NA	NA	NA	NA	NA	NA	NA	NA	NA	NA	NA	NA	NA	NA	NA	NA	NA	NA	NA	NA	NA	NA	NA	NA	NA	NA	NA	NA	NA	NA	NA	NA	NA	NA	NA	NA	NA	NA	NA	NA	NA	NA	NA	NA	NA	NA	NA	NA	NA	NA	NA	NA	NA	NA	NA	NA	NA	NA	NA	NA	NA	NA	NA	NA	NA	NA	NA	NA	NA	NA	NA	NA	NA	NA	NA
gara1269	1	NA	0	0	1	0	0	0	0	0	0	0	0	0	1	0	1	0	NA	0	0	0	0	NA	3	1	1	1	0	0	1	0	0	0	0	0	0	0	0	0	NA	0	1	1	0	0	0	1	0	0	NA	NA	NA	NA	0	NA	0	0	1	1	0	1	1	1	3	0	4	0	0	1	1	1	1	NA	0	0	0	0	0	1	0	1	1	0	0	0	0	0	1	0	1	0	1	0	0	0	NA	1	0	0	0	0	0	0	1	1	0	0	0	0	1	0	0	0	0	0	0	0	0	0	0	0	0	0	0	0	NA	0	0	2	1	0	0	1	1	0	0	1	0	1	1	1	0	0	1	0	0	0	0	1	1	1	0	0	0	0	0	1	1	NA
gela1263	NA	NA	1	0	1	1	1	NA	NA	0	0	NA	0	NA	NA	NA	0	NA	NA	1	NA	NA	NA	NA	NA	NA	NA	1	NA	0	NA	1	0	NA	NA	0	NA	0	0	0	NA	0	0	0	NA	NA	NA	NA	NA	0	NA	NA	NA	NA	NA	NA	0	1	1	1	0	1	0	1	NA	0	1	NA	NA	0	NA	1	NA	1	0	0	1	NA	NA	NA	NA	NA	NA	NA	NA	0	0	NA	0	0	0	0	1	0	0	0	0	0	0	0	1	0	0	NA	0	0	1	NA	NA	NA	0	1	1	NA	1	0	0	1	NA	NA	NA	0	0	NA	NA	NA	NA	NA	0	3	1	1	0	NA	NA	1	0	1	1	1	0	1	0	1	0	1	NA	NA	NA	0	0	0	NA	NA	0	NA	NA	1	NA	NA
gizr1240	1	0	1	0	1	0	1	0	1	0	0	1	0	0	1	0	1	1	0	0	NA	0	0	3	1	0	1	1	0	1	0	1	1	0	0	0	0	0	0	0	0	0	0	1	1	0	1	NA	NA	1	1	0	0	0	1	0	0	0	0	0	0	1	1	0	1	NA	2	1	0	1	1	0	1	0	1	0	1	NA	1	1	0	1	1	0	1	1	0	1	1	0	1	0	0	1	NA	NA	NA	NA	1	1	1	1	0	0	1	1	0	1	1	0	1	1	0	1	NA	NA	1	0	0	0	0	0	1	0	0	1	0	0	0	1	0	0	1	1	1	0	1	0	1	1	1	1	0	1	0	NA	0	0	0	0	0	0	1	0	0	1	1	1	1	NA
goli1247	0	0	1	0	1	0	1	0	0	0	1	0	1	0	0	1	1	1	0	0	0	0	0	NA	NA	0	1	0	0	0	0	0	0	0	0	0	1	0	0	0	0	0	0	0	0	NA	NA	NA	NA	0	NA	NA	NA	NA	0	0	0	0	1	1	0	1	0	1	NA	0	NA	0	0	0	0	0	0	0	0	0	0	NA	0	1	0	1	1	1	0	0	1	0	1	0	1	0	0	0	0	0	0	0	0	0	0	0	0	0	1	1	1	0	0	0	0	0	0	0	0	0	0	1	0	1	0	1	1	0	0	1	NA	0	1	NA	0	0	1	1	1	1	0	0	0	NA	0	1	0	1	0	1	0	0	0	1	1	1	1	1	0	NA	1	1	0	0
goon1238	1	1	0	0	1	0	0	1	1	0	1	0	0	1	1	0	1	1	1	0	0	0	0	3	3	1	1	0	0	0	0	0	0	1	0	0	0	0	0	0	0	0	1	1	0	0	0	1	0	0	NA	NA	NA	NA	0	NA	0	0	1	1	0	1	1	1	3	1	4	0	0	0	0	0	1	0	1	1	1	1	1	1	0	1	1	1	0	1	1	0	0	1	0	1	0	1	1	1	0	1	1	1	0	1	1	0	1	1	0	0	1	1	0	1	0	1	1	0	0	0	0	0	0	0	1	0	0	0	1	0	1	1	0	0	1	1	0	0	NA	NA	NA	NA	NA	NA	NA	NA	NA	NA	NA	NA	NA	NA	NA	NA	NA	NA	NA	NA	NA	NA	NA	NA
gras1249	0	0	1	0	0	0	1	0	0	0	0	0	1	0	1	0	0	0	0	0	0	0	0	2	2	0	1	0	0	0	0	0	0	0	1	1	0	0	0	0	0	0	0	1	0	0	1	0	1	0	NA	NA	NA	NA	0	NA	0	0	1	0	0	1	0	1	1	0	NA	0	0	0	0	0	0	0	1	0	1	1	0	1	0	1	1	1	0	0	1	0	1	0	1	0	1	0	NA	NA	NA	NA	1	1	1	1	0	0	1	0	0	0	1	0	1	0	0	1	1	NA	0	1	0	0	0	1	1	0	1	1	0	1	0	1	0	0	1	1	1	1	1	0	1	0	1	1	0	1	0	1	0	0	0	1	1	0	0	0	1	0	1	1	0	1
gunw1252	1	1	NA	NA	NA	NA	NA	NA	NA	NA	NA	NA	NA	NA	NA	NA	NA	NA	NA	NA	NA	NA	NA	NA	NA	NA	NA	NA	NA	NA	NA	NA	NA	NA	NA	NA	NA	NA	NA	NA	NA	NA	NA	NA	NA	NA	NA	NA	NA	NA	NA	NA	NA	NA	NA	NA	NA	NA	NA	NA	NA	NA	NA	NA	NA	NA	NA	NA	NA	NA	NA	NA	NA	NA	NA	NA	NA	NA	NA	NA	NA	NA	NA	NA	NA	NA	NA	NA	NA	NA	NA	NA	NA	NA	NA	NA	NA	NA	NA	NA	NA	NA	NA	NA	NA	NA	NA	NA	NA	NA	NA	NA	NA	NA	NA	NA	NA	NA	NA	NA	NA	NA	NA	NA	NA	NA	NA	NA	NA	NA	NA	NA	NA	NA	NA	NA	NA	NA	NA	NA	NA	NA	NA	NA	NA	NA	NA	NA	NA	NA	NA	NA	NA	NA	NA	NA	NA	NA	NA	NA
hali1244	NA	NA	1	0	1	0	1	NA	NA	0	1	NA	NA	NA	NA	NA	1	NA	NA	0	NA	NA	NA	NA	NA	NA	NA	1	NA	0	NA	1	0	NA	NA	0	NA	0	NA	NA	0	0	0	0	NA	NA	NA	NA	NA	0	NA	NA	NA	NA	0	NA	0	0	1	1	0	1	0	1	NA	0	1	NA	NA	0	NA	0	NA	1	0	0	1	NA	NA	NA	NA	NA	NA	NA	NA	0	1	NA	1	0	1	0	1	0	NA	NA	NA	NA	0	1	0	0	1	NA	1	1	1	NA	0	NA	0	0	1	1	1	0	0	1	NA	NA	NA	1	0	NA	NA	1	NA	0	0	1	0	1	0	NA	NA	1	0	1	0	1	0	1	0	1	0	0	NA	NA	NA	0	0	0	NA	1	1	NA	1	1	0	0
hata1243	1	0	1	0	0	0	1	1	0	1	0	0	0	0	0	0	1	1	0	0	0	0	0	2	2	0	0	1	0	0	1	0	0	0	1	1	1	0	0	0	0	0	0	0	NA	0	1	0	1	0	NA	NA	NA	NA	0	NA	1	0	1	1	1	0	0	1	3	0	2	1	0	0	0	0	0	1	0	0	1	0	1	0	0	0	0	0	0	0	0	0	0	1	0	1	0	0	NA	NA	NA	NA	0	0	0	0	0	1	0	0	0	0	0	0	0	0	0	0	1	0	0	1	1	0	0	0	0	0	0	1	0	0	0	1	0	1	0	1	1	1	1	0	1	1	0	1	0	1	0	0	0	0	0	0	0	0	0	1	0	0	1	1	0	1
hili1240	1	0	1	0	1	0	1	0	0	1	1	0	1	0	1	0	1	0	0	1	1	1	0	1	2	0	NA	1	0	0	0	0	0	0	1	0	0	0	0	0	0	0	0	0	NA	1	1	1	NA	0	NA	NA	NA	NA	NA	NA	0	0	0	0	0	0	0	0	3	0	1	0	0	0	1	0	0	NA	0	0	NA	NA	1	1	1	0	0	0	0	1	1	0	0	0	0	0	0	0	0	0	0	0	0	0	0	0	0	0	0	0	0	0	0	0	0	NA	NA	NA	NA	NA	0	NA	NA	NA	NA	NA	NA	NA	NA	1	NA	NA	0	NA	1	NA	NA	1	1	NA	0	1	0	1	1	0	NA	NA	NA	0	0	0	0	0	0	0	NA	0	1	0	NA	1	1	1
huaa1250	0	0	1	0	0	0	1	0	0	0	0	0	0	1	1	1	0	1	0	0	0	0	0	3	1	0	1	0	0	0	1	0	1	1	1	1	1	0	0	NA	1	0	0	0	NA	1	1	0	1	0	NA	NA	NA	NA	0	0	0	0	1	1	1	1	1	1	3	0	NA	0	0	0	0	0	0	0	1	1	1	0	0	1	0	0	0	1	1	1	0	1	1	0	1	0	0	1	NA	NA	NA	NA	1	0	0	0	1	0	1	1	1	0	0	0	1	1	1	0	0	0	1	1	1	1	1	NA	1	0	0	1	0	0	0	1	0	0	1	1	1	0	0	0	0	0	0	1	0	1	0	1	0	0	0	1	1	1	1	1	1	0	1	1	1	1
iaai1238	1	NA	1	0	1	1	1	1	1	0	1	1	0	0	1	0	1	0	0	1	NA	1	0	1	2	0	NA	1	0	0	0	0	0	0	1	0	0	0	0	0	0	0	0	0	0	NA	NA	NA	NA	1	0	0	0	0	0	1	0	1	1	1	0	1	0	1	2	0	2	NA	NA	0	0	0	0	1	0	0	1	1	1	1	NA	1	0	0	0	0	0	0	1	0	0	0	0	0	0	1	0	0	0	0	0	0	0	0	NA	NA	0	0	0	0	0	0	1	NA	NA	0	NA	NA	NA	NA	0	NA	NA	0	0	1	NA	NA	0	2	1	0	0	NA	1	1	0	1	0	NA	0	1	NA	NA	NA	0	0	0	0	NA	0	NA	0	0	1	0	NA	1	NA	NA
idaa1241	0	0	1	0	1	0	1	1	0	0	0	1	0	0	1	0	1	1	0	0	0	NA	NA	3	2	0	NA	1	0	0	0	0	0	0	1	0	1	0	0	0	0	0	0	0	NA	0	0	1	1	0	NA	NA	NA	NA	NA	0	1	0	0	0	0	0	0	0	2	0	1	1	1	0	1	0	1	1	0	1	1	0	1	0	1	0	0	0	0	0	0	0	0	0	0	0	0	0	NA	NA	NA	NA	0	0	0	0	0	0	0	1	0	0	0	0	0	0	1	0	1	0	0	0	1	1	0	0	0	0	0	1	0	0	0	3	1	1	0	1	0	1	0	1	1	0	1	1	1	1	0	1	0	0	0	0	0	0	0	0	1	0	0	1	0	1
ilok1237	1	0	1	0	1	1	1	0	0	1	0	1	1	1	1	0	1	0	1	1	0	1	0	1	1	0	1	1	0	0	1	0	0	0	1	0	1	0	0	0	0	0	0	0	NA	0	1	1	1	0	NA	NA	NA	NA	NA	NA	NA	NA	NA	0	0	0	0	0	2	0	1	1	0	1	1	1	1	1	0	1	1	0	1	1	1	0	0	0	0	0	0	0	1	0	1	0	1	0	0	0	0	0	0	0	0	0	1	1	1	1	0	1	0	0	0	0	1	1	1	0	0	0	0	1	0	0	0	0	0	1	NA	1	0	2	1	0	0	1	1	1	0	1	0	0	1	1	NA	NA	0	1	0	0	0	0	0	NA	0	0	1	0	0	1	1	1
imon1245	0	0	1	0	0	1	1	0	0	1	0	1	NA	NA	NA	0	1	1	0	0	0	0	0	3	3	0	1	1	0	0	0	0	0	0	0	1	0	0	0	0	0	0	0	0	NA	NA	1	0	0	0	0	0	0	0	0	0	0	0	0	0	0	1	1	1	3	0	4	0	1	0	0	0	0	0	1	1	1	1	1	1	0	0	1	0	0	1	1	0	1	1	0	1	1	0	NA	NA	NA	NA	0	1	0	0	1	0	0	0	1	0	1	0	0	1	0	0	NA	1	0	1	0	1	0	1	1	NA	NA	1	1	1	0	1	0	0	1	1	1	0	1	1	1	0	1	1	0	0	0	1	0	0	0	NA	0	1	1	NA	NA	NA	1	NA	NA	NA
indo1316	1	NA	1	0	1	1	1	0	0	0	0	0	0	0	1	0	1	NA	0	0	0	0	0	3	2	0	1	1	0	0	0	0	0	0	0	0	0	0	0	0	0	0	0	0	0	NA	1	1	1	0	NA	NA	NA	NA	NA	NA	1	0	0	0	0	1	0	1	2	0	1	1	0	0	0	0	0	1	0	0	1	1	1	1	0	0	0	0	0	0	0	0	0	0	1	1	1	0	0	0	0	0	0	0	0	0	0	0	1	1	0	0	0	0	0	0	1	0	0	0	1	0	1	1	1	0	0	0	0	1	NA	0	0	1	0	1	0	1	1	1	0	NA	1	0	0	1	0	1	0	1	0	0	0	0	0	0	0	0	1	0	0	1	1	1
java1254	0	1	1	0	1	0	1	0	1	0	0	1	0	NA	NA	0	1	1	0	1	0	1	0	3	2	0	NA	1	0	0	0	0	0	0	1	0	0	0	0	0	NA	0	0	0	NA	NA	1	NA	NA	0	NA	NA	NA	NA	NA	NA	0	0	0	0	0	1	0	1	2	0	1	1	NA	0	0	0	0	1	0	0	1	1	1	1	1	0	0	0	0	0	1	0	0	0	0	0	0	0	0	0	NA	0	0	0	0	0	0	0	1	1	0	0	0	0	0	0	1	NA	1	0	0	NA	1	1	1	NA	NA	NA	NA	1	NA	0	0	1	0	NA	NA	NA	NA	NA	NA	NA	NA	NA	NA	NA	NA	NA	NA	NA	NA	NA	NA	NA	NA	NA	NA	NA	NA	NA	NA	NA	NA	NA
jjuu1238	NA	NA	NA	NA	NA	NA	NA	NA	NA	NA	NA	NA	NA	NA	NA	NA	NA	NA	NA	1	0	0	1	2	2	0	1	0	NA	1	0	NA	NA	NA	NA	NA	NA	NA	0	NA	NA	1	0	1	NA	NA	NA	NA	NA	NA	NA	NA	1	NA	NA	NA	0	0	0	NA	0	0	0	0	2	NA	NA	NA	NA	0	1	0	0	1	0	0	1	NA	1	0	0	0	1	1	NA	NA	NA	NA	0	1	0	1	0	1	0	0	0	0	0	NA	NA	NA	NA	NA	NA	NA	NA	NA	0	1	0	NA	NA	1	NA	0	NA	1	NA	0	0	NA	0	0	NA	NA	NA	NA	0	1	0	1	1	1	1	1	NA	NA	NA	NA	0	1	NA	NA	NA	NA	0	0	0	NA	0	NA	NA	NA	NA	NA	0	1	NA	1
kair1263	1	NA	1	0	1	0	0	NA	1	0	0	0	0	0	1	0	1	1	0	0	0	NA	NA	2	2	0	1	1	0	0	0	0	0	NA	1	0	0	0	0	0	NA	0	0	0	0	NA	0	0	0	0	NA	NA	NA	NA	0	0	0	0	1	1	0	1	0	1	3	1	2	0	0	0	1	0	NA	1	1	0	1	NA	1	0	NA	0	0	0	0	0	0	NA	0	1	0	1	1	0	0	0	0	0	0	0	0	0	NA	0	NA	NA	0	0	NA	NA	NA	NA	1	NA	1	0	0	1	NA	NA	NA	NA	NA	NA	NA	NA	0	NA	0	1	0	0	1	NA	NA	1	1	0	1	1	0	1	0	1	0	NA	NA	0	0	NA	0	0	NA	1	0	0	NA	1	NA	NA
kala1377	0	0	1	0	1	0	1	1	0	0	1	0	0	1	1	0	1	0	1	0	0	0	0	3	3	1	1	1	0	1	1	0	0	0	0	1	1	0	0	1	0	0	0	1	0	NA	0	1	1	1	1	0	0	0	0	1	0	0	1	1	0	1	1	0	3	0	3	0	0	1	1	1	1	0	0	0	0	0	0	1	0	1	1	1	1	1	0	1	0	0	0	0	0	0	NA	NA	NA	NA	0	1	0	0	0	0	0	1	1	0	1	0	1	0	0	0	0	0	0	0	0	0	0	0	0	0	0	0	NA	0	0	1	0	0	1	1	0	1	1	1	1	0	1	1	0	0	1	1	0	NA	NA	NA	NA	NA	NA	NA	NA	NA	NA	NA	NA	NA
kalu1248	0	0	1	0	0	0	1	0	0	0	0	0	1	0	0	1	1	0	0	0	0	0	0	NA	NA	0	1	0	0	0	1	0	1	1	0	0	0	0	0	0	0	0	0	0	NA	0	1	1	NA	0	0	0	0	0	0	0	0	0	1	1	1	1	1	1	NA	0	NA	0	0	0	0	0	0	0	1	1	1	0	0	1	0	1	1	1	0	0	0	1	1	0	1	0	0	0	0	0	0	0	0	0	1	0	0	0	0	0	0	0	0	1	1	NA	0	0	0	0	0	1	0	0	0	1	NA	NA	NA	1	1	0	0	NA	0	0	1	1	1	1	1	0	1	0	0	1	0	NA	0	1	0	0	0	1	1	1	0	NA	0	0	1	0	0	0
kama1367	1	0	1	1	0	1	1	1	0	0	0	1	0	1	1	0	1	1	0	0	0	0	0	2	2	0	1	0	0	1	0	0	0	0	0	0	0	0	0	0	0	0	0	0	NA	0	NA	NA	NA	1	1	1	0	0	1	1	NA	NA	1	1	1	0	0	1	1	0	NA	0	0	0	0	0	0	0	1	0	1	0	0	0	0	0	0	0	0	0	0	0	0	1	0	1	1	0	NA	NA	NA	NA	1	1	0	0	1	0	1	1	0	0	1	0	0	NA	0	0	0	0	0	1	0	0	0	0	1	0	0	1	1	0	NA	1	0	0	1	1	1	1	1	0	1	1	0	1	0	0	0	0	0	0	0	0	0	0	NA	1	0	0	1	0	0	1
kamo1255	0	0	0	0	0	0	0	0	0	0	1	0	1	0	0	1	0	0	0	0	0	0	0	2	2	0	1	0	0	0	1	1	1	0	0	0	0	0	0	0	0	0	0	0	NA	0	0	0	1	0	NA	NA	NA	NA	0	0	0	0	0	1	1	1	1	1	3	1	NA	0	0	0	1	0	1	0	1	1	0	NA	1	1	0	1	1	1	1	0	0	1	1	0	1	0	1	0	NA	NA	NA	NA	0	0	0	0	1	0	1	1	0	0	0	0	1	0	1	1	1	0	0	0	1	1	0	1	1	0	0	0	1	0	0	1	0	0	1	1	1	1	1	0	1	0	0	1	0	0	0	1	0	0	0	0	0	0	0	0	1	0	1	NA	0	NA
kana1288	0	0	1	0	0	1	1	0	0	0	0	0	1	0	0	0	1	0	0	0	0	0	0	NA	NA	0	1	0	0	0	0	0	0	1	0	1	0	0	0	0	0	0	0	0	0	NA	1	1	1	0	0	0	0	0	0	0	0	0	0	0	0	1	0	1	NA	0	NA	0	0	0	0	NA	NA	NA	1	NA	1	0	0	1	0	0	0	0	0	1	1	0	1	0	1	0	1	1	0	0	0	0	0	0	1	0	0	0	1	1	0	0	0	0	0	1	0	0	0	NA	0	1	0	0	0	0	1	0	1	1	0	1	0	NA	0	0	1	1	NA	1	1	0	0	0	1	1	0	1	0	1	0	0	0	0	1	0	1	1	0	0	NA	1	1	NA
kand1301	NA	NA	1	1	1	0	1	NA	NA	0	1	NA	1	NA	NA	NA	1	NA	NA	0	NA	NA	NA	NA	NA	NA	NA	1	NA	0	NA	0	0	NA	NA	0	NA	0	NA	NA	NA	NA	NA	NA	NA	NA	NA	NA	NA	0	NA	NA	NA	NA	NA	NA	NA	NA	1	1	0	1	0	1	NA	NA	1	NA	NA	0	NA	0	NA	1	0	0	1	NA	NA	NA	NA	NA	NA	NA	NA	0	NA	NA	NA	NA	NA	NA	NA	NA	NA	NA	NA	NA	0	NA	NA	NA	NA	NA	0	0	0	NA	NA	NA	0	1	1	0	1	0	0	NA	NA	NA	NA	NA	NA	NA	NA	NA	NA	NA	0	1	0	1	0	NA	NA	1	0	1	1	1	0	1	0	1	0	NA	NA	NA	NA	NA	NA	NA	NA	NA	1	NA	NA	NA	NA	NA
kaul1240	1	0	1	0	1	0	1	0	0	0	0	0	0	0	1	0	1	1	0	0	0	1	0	2	2	0	1	1	0	1	1	0	0	0	0	0	0	0	0	0	0	0	0	0	NA	NA	1	NA	NA	0	NA	NA	NA	NA	1	0	0	1	1	1	0	1	0	1	3	1	2	1	1	0	0	0	0	1	0	0	1	0	1	1	0	0	0	0	0	0	1	0	0	1	0	1	1	0	NA	NA	NA	NA	0	0	1	0	0	0	0	0	0	0	0	0	0	NA	1	0	1	0	0	1	0	0	0	NA	NA	0	0	NA	1	0	0	1	0	1	0	1	1	1	1	0	1	1	0	1	0	1	0	0	0	0	0	0	0	0	NA	0	1	0	NA	1	0	0
kaya1319	1	1	0	0	1	0	0	1	1	0	1	0	0	1	1	0	0	0	1	0	0	0	0	3	3	1	1	1	0	0	1	0	0	0	1	0	0	0	0	0	0	0	1	1	0	0	0	1	1	0	NA	NA	NA	NA	0	0	0	0	1	1	0	1	1	1	3	1	4	0	0	1	1	1	1	0	0	0	0	1	0	1	0	1	1	1	0	0	0	1	0	0	0	0	0	0	NA	NA	NA	NA	0	0	0	0	0	0	1	1	1	1	0	0	1	0	1	1	1	0	0	1	0	0	0	0	0	0	0	0	0	0	0	3	1	1	1	1	1	0	0	0	1	0	0	1	1	1	1	1	1	0	0	0	0	1	0	0	1	0	0	1	1	1
kele1258	NA	NA	1	1	1	0	1	NA	NA	0	0	NA	1	NA	NA	NA	1	NA	NA	0	NA	NA	NA	NA	NA	NA	NA	1	NA	0	NA	0	0	NA	NA	0	NA	0	NA	NA	0	NA	NA	NA	NA	NA	NA	NA	NA	0	NA	NA	NA	NA	NA	NA	1	1	1	1	0	1	0	1	NA	0	1	NA	NA	0	NA	0	NA	1	0	0	1	NA	NA	NA	0	NA	NA	NA	NA	0	1	NA	0	1	0	1	0	0	NA	NA	NA	NA	0	0	0	0	0	NA	0	0	0	NA	0	NA	0	0	1	NA	NA	0	0	1	NA	NA	NA	1	1	NA	NA	NA	NA	0	0	1	0	1	0	NA	NA	1	1	1	1	1	0	1	0	1	0	NA	NA	NA	NA	0	0	0	1	NA	1	0	NA	NA	NA	NA
kelo1247	0	0	1	0	1	0	1	1	0	0	1	0	1	1	1	NA	1	0	0	NA	0	0	NA	2	2	0	0	1	0	0	1	0	1	0	NA	NA	NA	0	0	0	NA	0	0	0	NA	1	0	1	1	0	NA	NA	NA	NA	NA	NA	1	0	1	1	1	0	0	1	1	0	1	0	0	0	0	0	0	0	1	0	NA	NA	1	NA	NA	NA	NA	NA	NA	NA	NA	NA	NA	NA	NA	NA	NA	NA	NA	NA	NA	NA	NA	NA	NA	NA	NA	NA	NA	1	0	NA	0	0	0	0	1	0	1	0	0	1	0	0	0	1	1	1	NA	1	0	0	0	1	0	0	1	NA	1	0	1	0	0	1	1	1	1	1	0	1	0	0	0	0	0	1	NA	0	1	0	1	1	0	1
kili1267	0	0	1	0	1	0	1	0	0	0	0	0	0	1	1	0	1	0	0	0	0	0	0	3	3	0	1	1	0	1	1	0	0	0	1	0	0	1	0	0	0	0	0	0	NA	0	0	1	0	1	0	1	1	0	1	1	0	1	1	1	1	1	0	1	NA	1	2	0	0	0	0	0	0	1	0	0	1	0	1	0	0	0	0	0	0	0	0	0	0	1	0	1	1	0	NA	NA	NA	NA	0	1	0	1	0	0	1	1	0	0	0	0	0	1	0	0	0	1	0	1	0	0	0	1	0	0	0	1	0	0	0	3	1	1	0	1	1	0	0	1	1	1	0	1	0	1	0	0	0	0	0	0	0	0	0	1	0	0	1	1	1	0
kima1244	1	0	1	0	1	0	1	1	0	0	0	0	0	0	NA	NA	NA	NA	NA	NA	NA	NA	NA	NA	NA	NA	NA	NA	NA	NA	NA	NA	NA	NA	NA	NA	NA	NA	NA	NA	NA	NA	NA	NA	NA	NA	NA	NA	NA	NA	NA	NA	NA	NA	NA	NA	NA	NA	NA	NA	NA	NA	NA	NA	NA	NA	NA	NA	NA	NA	NA	NA	NA	NA	NA	NA	NA	NA	NA	NA	NA	NA	NA	NA	NA	NA	NA	NA	NA	NA	NA	NA	NA	NA	NA	NA	NA	NA	NA	NA	NA	NA	NA	NA	NA	NA	NA	NA	NA	NA	NA	NA	NA	NA	NA	NA	NA	NA	NA	NA	NA	NA	NA	NA	NA	NA	NA	NA	NA	NA	NA	NA	NA	NA	NA	NA	NA	NA	NA	NA	NA	NA	NA	NA	NA	NA	NA	NA	NA	NA	NA	NA	NA	NA	NA	NA	NA	NA	NA	NA
kobo1249	1	0	1	0	1	1	0	1	0	0	0	1	0	1	1	0	1	1	0	0	1	0	1	2	2	0	1	0	0	0	1	0	1	0	0	1	0	0	0	0	0	0	0	0	NA	0	1	0	0	0	NA	NA	NA	NA	0	0	0	0	0	0	0	0	0	0	3	0	3	0	0	0	0	0	0	0	1	0	1	0	0	1	0	1	1	1	1	1	0	0	1	0	1	0	0	0	NA	NA	NA	NA	0	0	1	0	0	0	1	1	1	0	0	0	0	1	0	1	0	0	0	1	0	1	0	1	1	0	0	1	0	0	1	1	0	0	1	1	1	1	1	0	0	0	0	1	0	1	0	1	0	0	0	1	1	1	0	1	0	0	1	1	1	1
koko1269	1	0	1	0	1	1	1	0	0	0	0	0	0	1	1	0	0	1	0	1	0	1	0	1	2	0	1	1	0	1	1	0	0	0	1	0	1	0	0	0	0	0	0	0	NA	0	1	0	0	0	0	0	0	0	1	0	0	1	1	1	0	1	0	1	3	1	1	1	1	0	0	0	0	1	0	0	1	0	1	0	0	0	0	0	0	0	1	0	0	1	0	1	1	0	0	0	0	0	0	0	0	0	0	0	1	1	0	0	0	0	0	0	1	0	1	0	0	1	1	1	0	1	0	1	0	1	0	0	0	2	1	0	0	1	1	0	0	1	0	1	0	1	0	1	0	1	0	0	0	0	0	0	0	0	1	0	1	1	1	0
kolp1236	1	0	1	0	1	0	1	0	0	0	1	0	0	1	1	0	1	0	0	0	0	0	0	2	2	0	1	1	0	1	0	1	0	1	0	1	NA	0	1	0	1	0	0	1	0	NA	NA	NA	NA	1	1	NA	0	1	1	1	1	0	1	1	1	0	0	1	2	0	2	0	0	0	0	0	0	1	0	0	1	1	0	0	0	0	0	0	0	0	0	NA	1	1	1	1	0	0	0	1	0	0	1	1	0	0	0	0	0	0	0	0	0	0	1	0	1	0	0	0	0	1	0	0	1	NA	1	0	0	1	NA	0	NA	3	0	1	0	1	1	1	0	1	0	1	1	1	0	0	0	1	0	0	0	0	0	0	1	1	0	0	1	0	0	0
kora1294	0	0	1	0	0	1	1	1	0	0	1	0	1	1	1	0	0	0	0	0	0	0	0	2	2	0	1	1	0	0	1	0	1	1	1	0	0	0	0	0	0	0	0	0	NA	1	1	1	1	0	NA	NA	NA	NA	0	0	0	0	0	0	0	0	1	0	1	0	2	0	0	0	0	0	0	0	1	0	1	1	1	1	0	1	1	1	1	1	1	1	1	0	1	0	0	0	NA	NA	NA	NA	0	0	1	0	0	0	1	1	1	0	0	1	1	1	0	0	0	0	1	1	0	1	0	1	1	0	0	1	0	0	0	1	0	0	1	1	1	0	1	1	1	1	0	1	0	1	0	1	0	0	0	1	1	1	1	1	0	1	1	1	1	1
koro1312	0	0	1	1	0	1	1	1	0	0	0	0	1	0	0	0	1	0	0	0	0	0	0	2	1	0	0	0	0	0	0	0	1	1	1	0	0	0	0	0	0	0	0	1	1	0	1	0	1	0	NA	NA	NA	NA	0	0	0	0	0	0	1	0	0	1	1	0	3	0	0	0	0	0	0	0	1	0	1	1	0	1	0	0	1	1	1	1	1	0	1	0	1	0	0	0	NA	NA	NA	NA	0	0	1	0	0	0	1	0	1	0	0	0	0	0	1	0	0	0	0	1	0	1	0	1	1	0	0	1	1	0	0	1	0	0	1	1	1	1	1	0	1	1	0	1	0	1	0	1	0	0	0	1	1	0	0	NA	1	0	1	1	1	1
kosr1238	1	0	1	0	1	0	0	0	1	0	1	1	0	0	1	0	1	0	0	1	0	0	1	3	2	0	0	1	0	0	0	0	0	0	1	0	0	0	0	0	0	0	0	0	0	0	1	0	0	0	NA	NA	NA	NA	NA	NA	1	1	1	1	0	1	0	1	2	0	1	1	NA	0	1	0	0	1	0	0	1	1	1	1	0	0	0	0	0	1	NA	NA	NA	NA	NA	NA	NA	NA	NA	NA	NA	NA	NA	NA	NA	NA	NA	NA	NA	NA	NA	NA	NA	NA	NA	NA	NA	NA	NA	NA	NA	NA	NA	NA	NA	NA	NA	NA	NA	NA	NA	NA	NA	NA	NA	NA	NA	NA	NA	NA	NA	NA	NA	NA	NA	NA	NA	NA	NA	NA	NA	NA	NA	NA	NA	NA	NA	NA	NA	NA	NA	NA	NA	NA
kove1237	NA	NA	1	1	1	1	1	NA	NA	0	0	NA	0	NA	NA	NA	1	NA	NA	0	NA	NA	NA	NA	NA	NA	NA	1	NA	0	NA	0	0	NA	NA	0	NA	0	NA	NA	1	NA	NA	NA	NA	NA	NA	NA	NA	0	NA	NA	NA	NA	NA	NA	0	1	1	1	0	1	0	1	NA	1	2	NA	NA	0	NA	0	NA	1	1	0	1	NA	NA	NA	NA	NA	NA	NA	NA	0	0	NA	1	1	0	1	1	0	0	1	0	0	0	0	0	1	0	NA	0	0	0	NA	NA	NA	0	1	1	0	1	0	0	1	NA	NA	NA	0	0	NA	NA	NA	NA	0	0	1	0	1	0	NA	NA	1	1	0	1	1	0	1	0	1	0	1	NA	NA	NA	0	0	0	1	1	1	NA	NA	1	1	NA
kris1246	0	0	1	0	0	0	1	0	0	0	0	0	1	0	0	1	1	1	0	0	0	0	0	2	2	0	1	0	0	1	1	0	1	1	0	0	0	0	0	0	0	0	0	0	0	0	0	0	0	1	1	0	0	0	1	0	0	0	0	0	0	1	1	0	2	0	4	0	0	0	1	0	0	0	1	0	1	0	0	1	0	0	0	0	0	0	1	NA	0	1	0	1	1	0	0	0	0	0	1	0	0	0	1	0	0	1	0	0	1	0	0	1	0	0	0	0	0	1	0	0	0	0	1	0	0	NA	1	0	0	1	0	0	1	1	NA	1	1	0	1	1	0	1	0	1	0	1	0	0	0	0	0	0	NA	1	0	0	NA	1	0	0
kuan1248	NA	NA	1	0	1	0	1	NA	NA	0	1	NA	0	NA	NA	NA	1	NA	NA	1	NA	NA	NA	NA	NA	NA	NA	1	NA	0	NA	0	0	NA	NA	0	NA	0	NA	NA	0	NA	NA	NA	NA	NA	NA	NA	NA	0	NA	NA	NA	NA	0	NA	0	1	1	1	0	1	0	1	NA	0	2	NA	NA	0	NA	0	NA	1	0	0	1	NA	NA	NA	NA	NA	NA	NA	NA	1	0	NA	0	1	0	1	1	0	0	1	0	0	0	0	0	0	0	NA	0	0	0	NA	0	NA	0	0	1	0	1	0	0	1	NA	NA	NA	1	NA	NA	NA	NA	NA	0	0	3	0	1	0	NA	NA	1	0	1	0	1	1	1	0	1	0	1	NA	NA	NA	0	0	0	NA	1	1	NA	NA	1	1	1
kuma1276	1	0	1	1	0	1	0	1	0	0	1	1	0	0	1	0	1	0	0	0	0	0	0	3	3	0	0	1	0	0	1	0	0	0	1	1	0	0	0	0	0	0	0	0	NA	1	1	1	1	0	0	0	0	0	0	NA	1	1	1	1	0	1	0	1	2	0	2	1	1	0	1	0	0	1	0	1	1	1	1	1	0	0	0	1	0	1	1	1	1	0	0	0	1	0	NA	0	0	0	0	0	0	0	0	0	1	1	0	1	0	0	0	1	1	0	1	1	0	1	1	0	0	1	0	1	1	1	1	0	0	2	1	1	0	1	1	1	0	1	1	1	0	1	0	1	0	1	0	1	0	0	0	0	0	0	1	0	0	1	1	0
kuot1243	1	0	1	0	1	0	1	0	0	0	0	0	1	0	0	0	1	0	0	0	0	0	0	1	1	0	0	1	0	1	1	0	0	0	0	1	0	0	1	0	1	0	1	1	0	1	1	0	0	1	1	0	0	0	1	1	NA	NA	1	1	0	0	NA	NA	2	0	1	1	1	0	0	0	0	1	0	0	1	0	1	0	0	0	0	1	0	1	0	0	1	1	1	1	1	1	0	1	0	1	0	0	0	0	0	0	1	1	0	0	1	1	1	1	0	1	1	0	0	1	1	1	0	0	0	0	0	0	0	0	0	2	1	0	0	1	NA	1	0	1	1	1	1	1	0	1	0	0	0	0	0	0	0	0	1	0	0	0	1	1	0	0
lard1243	1	1	0	0	1	0	0	1	1	0	1	0	0	0	1	0	1	0	0	0	0	0	0	3	3	1	1	1	0	0	1	0	0	0	1	0	1	0	0	0	0	0	0	0	0	0	1	1	1	0	NA	NA	NA	NA	0	NA	0	0	1	1	0	1	1	1	3	1	4	0	0	1	1	1	1	0	0	0	0	0	1	1	0	0	0	1	0	1	1	1	0	0	0	0	0	0	NA	NA	NA	NA	0	0	0	0	0	0	1	1	1	0	0	0	0	0	1	1	1	0	0	1	0	1	0	0	0	0	0	0	NA	0	0	1	0	1	0	1	1	0	1	0	1	0	1	1	1	1	1	1	1	0	0	0	0	1	0	0	1	0	0	0	0	NA
lavu1241	1	0	1	0	1	1	1	0	0	0	0	0	1	0	1	0	1	0	0	1	0	0	1	2	2	0	1	1	0	1	1	1	0	1	1	0	0	0	1	1	1	0	1	1	0	0	0	0	1	1	1	1	1	0	0	1	0	0	0	0	1	0	0	1	1	0	1	0	0	0	1	1	0	0	1	0	1	0	0	1	1	1	0	1	0	0	0	1	1	1	1	1	1	1	1	0	1	0	0	1	0	0	0	0	1	0	1	0	1	1	0	0	1	0	1	0	0	1	0	1	0	0	1	0	0	1	0	0	0	1	0	0	1	1	1	1	1	0	1	1	0	1	1	1	0	0	0	0	0	1	0	0	1	1	1	1	1	1	0	1
long1395	NA	NA	1	1	1	0	1	NA	NA	0	0	NA	0	NA	NA	NA	0	NA	NA	0	NA	NA	NA	NA	NA	NA	NA	1	NA	0	NA	1	0	NA	NA	0	NA	0	NA	NA	NA	1	0	1	0	NA	NA	NA	NA	0	NA	NA	NA	NA	NA	NA	NA	NA	1	1	0	1	0	1	NA	0	1	NA	NA	0	NA	0	NA	1	0	0	1	NA	NA	NA	NA	NA	NA	NA	NA	1	1	NA	0	0	0	0	1	0	NA	NA	NA	NA	0	0	0	0	0	NA	0	1	1	NA	NA	NA	1	1	1	0	1	0	0	1	NA	NA	NA	0	0	NA	NA	1	NA	0	0	2	1	0	0	NA	NA	0	0	0	0	0	0	1	0	1	NA	0	NA	NA	NA	0	0	0	0	0	1	0	0	1	1	NA
lote1237	NA	NA	1	0	1	1	0	NA	NA	0	0	NA	0	NA	NA	NA	1	NA	NA	0	NA	NA	NA	NA	NA	NA	NA	1	NA	0	NA	0	0	NA	NA	0	NA	0	NA	NA	NA	NA	NA	NA	NA	NA	NA	NA	NA	0	NA	NA	NA	NA	0	NA	0	1	1	1	0	1	0	1	NA	0	4	NA	NA	0	NA	0	NA	1	0	0	1	NA	NA	NA	NA	NA	NA	NA	NA	NA	NA	NA	0	1	0	1	1	0	NA	NA	NA	NA	0	0	0	0	0	NA	0	0	0	NA	NA	NA	0	0	1	NA	1	0	0	1	NA	NA	NA	NA	0	NA	NA	NA	NA	0	0	1	0	1	0	NA	NA	1	1	0	0	1	0	1	0	1	0	NA	NA	NA	NA	0	0	0	NA	NA	1	NA	NA	1	1	1
mada1285	NA	NA	1	0	1	1	1	NA	NA	0	1	NA	NA	NA	NA	NA	1	NA	NA	0	NA	NA	NA	NA	NA	NA	NA	1	NA	0	NA	0	0	NA	NA	0	NA	0	NA	NA	NA	0	1	1	0	NA	NA	NA	NA	0	NA	NA	NA	NA	NA	NA	0	0	1	1	0	1	0	0	NA	0	4	NA	NA	0	NA	0	NA	1	0	0	1	NA	NA	NA	NA	NA	NA	NA	NA	1	1	NA	0	1	0	1	NA	NA	1	0	0	0	0	0	0	0	0	NA	1	NA	1	NA	0	NA	0	1	1	NA	1	0	0	1	NA	NA	NA	NA	0	NA	NA	NA	0	0	0	1	0	1	0	NA	NA	1	0	1	1	1	0	1	0	1	0	0	NA	NA	NA	0	NA	0	0	0	1	0	1	1	0	1
mais1250	0	0	1	0	0	0	1	0	0	0	1	0	NA	NA	NA	NA	1	0	0	0	0	0	0	2	2	0	NA	1	0	0	0	1	0	0	0	0	0	0	0	0	0	0	0	1	1	NA	0	0	0	0	NA	NA	NA	NA	0	0	0	0	1	0	1	1	1	1	1	0	2	0	0	0	0	0	0	0	1	1	1	0	1	1	0	0	0	1	0	0	0	NA	0	1	0	1	1	0	NA	NA	NA	NA	0	0	0	0	0	0	0	0	0	0	0	0	1	NA	0	0	0	NA	0	1	0	0	0	1	1	0	0	0	NA	1	0	1	0	0	1	1	1	1	1	0	NA	1	0	1	0	1	0	0	0	0	0	1	0	1	0	1	0	0	1	1	1	0
maka1311	1	0	1	0	1	0	1	1	0	1	0	0	0	0	1	0	1	0	0	1	0	0	1	3	3	0	NA	1	0	0	0	NA	0	0	1	0	0	0	0	0	0	0	0	0	NA	NA	1	NA	NA	0	NA	NA	NA	NA	NA	0	1	0	0	0	0	1	0	1	2	0	1	0	0	NA	NA	NA	NA	1	0	0	1	0	1	1	0	0	0	1	0	0	0	0	1	1	0	1	1	1	1	0	0	0	0	0	0	0	1	0	1	1	1	0	0	0	0	0	1	0	1	0	0	NA	0	0	0	NA	0	0	0	1	NA	0	0	3	1	0	0	1	NA	0	0	1	0	1	1	1	NA	NA	NA	1	1	0	0	NA	0	0	NA	NA	1	0	NA	1	1	1
mali1284	1	0	1	0	1	1	1	0	0	0	0	1	0	0	0	0	1	1	0	1	0	1	0	2	2	0	1	0	0	1	NA	1	1	0	0	0	0	1	0	0	0	1	1	1	1	1	0	1	1	1	1	1	1	0	1	1	0	0	1	1	1	0	0	1	1	0	NA	1	1	0	1	0	1	1	0	0	1	0	1	0	1	1	1	1	0	0	0	0	1	1	0	1	1	0	0	1	0	0	0	0	0	0	0	0	1	0	0	0	0	1	1	0	0	1	1	0	0	1	0	0	0	0	0	0	0	1	0	0	0	3	0	1	0	1	1	1	0	1	1	0	1	1	0	0	0	1	0	0	0	0	0	0	0	0	0	0	1	1	0	1
mana1295	0	0	1	0	1	0	1	0	0	0	0	0	0	1	1	0	1	0	0	0	0	0	0	2	2	0	1	1	0	0	1	0	0	0	0	0	0	0	0	0	0	0	0	0	NA	1	1	1	1	0	0	0	0	0	0	0	0	1	1	1	0	1	0	1	3	0	2	1	1	0	0	0	0	0	1	0	1	0	1	1	0	0	0	0	0	1	1	0	0	1	0	1	1	0	NA	NA	NA	NA	NA	1	1	0	1	0	1	1	0	1	0	0	0	0	1	0	1	0	0	1	0	1	0	0	0	0	0	1	1	0	0	1	0	0	1	1	1	1	1	0	1	1	0	1	0	1	0	0	0	0	0	0	0	0	0	0	1	0	0	1	1	0
mang1403	NA	NA	1	0	1	0	1	NA	NA	0	0	NA	0	NA	NA	NA	1	NA	NA	0	NA	NA	NA	NA	NA	NA	NA	1	NA	0	NA	0	0	NA	NA	1	NA	0	NA	NA	NA	0	0	0	NA	NA	NA	NA	NA	0	NA	NA	NA	NA	NA	NA	0	1	1	1	1	1	0	1	NA	0	2	NA	NA	0	NA	0	NA	1	0	0	1	NA	NA	NA	NA	NA	NA	NA	NA	0	0	NA	0	1	0	1	0	0	NA	NA	NA	NA	0	0	0	0	0	NA	0	0	0	NA	0	NA	0	0	1	NA	1	0	1	1	NA	NA	NA	1	0	NA	NA	NA	NA	0	0	1	0	1	0	NA	NA	1	1	0	1	1	0	1	0	1	0	0	NA	NA	NA	0	0	0	1	NA	1	NA	NA	1	1	NA
maor1246	1	NA	1	0	0	0	0	0	0	0	1	0	0	1	1	0	0	0	0	1	NA	1	0	3	3	0	1	1	0	0	1	0	0	0	1	0	0	0	0	0	0	0	0	1	0	NA	1	1	0	0	NA	NA	NA	NA	NA	NA	0	0	1	1	0	0	1	0	3	0	1	1	0	0	0	0	0	1	0	1	1	1	NA	NA	0	0	0	0	0	0	0	NA	0	0	0	0	0	0	0	0	0	0	0	0	0	0	0	0	0	0	0	0	0	0	0	0	1	0	0	0	0	NA	0	0	0	0	0	1	0	0	NA	NA	0	2	1	0	0	NA	1	1	0	1	1	0	NA	NA	NA	NA	NA	NA	1	NA	0	NA	NA	NA	NA	NA	1	NA	NA	1	1	NA
mara1385	1	1	0	0	1	0	0	1	1	0	0	0	NA	NA	NA	0	1	1	1	0	0	1	0	NA	1	NA	1	1	0	1	1	0	1	1	1	0	0	0	0	0	1	1	1	1	0	NA	0	0	0	1	1	0	1	1	0	1	0	0	1	1	1	1	1	1	3	0	4	0	0	1	0	1	1	1	0	0	0	0	1	1	0	1	1	1	0	1	1	1	0	1	0	1	0	1	NA	NA	NA	NA	0	0	0	0	1	0	1	1	1	1	0	1	1	0	0	1	1	0	0	0	0	0	0	0	1	0	0	0	NA	0	1	1	0	1	0	NA	1	0	1	1	1	1	1	1	1	1	1	NA	0	0	0	0	0	1	0	0	0	0	0	1	1	1
maun1240	1	1	1	0	1	1	0	1	1	0	0	0	0	1	1	0	1	0	1	1	0	1	0	1	1	1	1	1	0	1	1	0	0	0	0	0	0	0	0	0	0	1	0	1	1	0	1	1	1	1	1	0	1	1	0	1	0	0	1	1	1	0	0	0	1	1	4	0	0	0	0	0	1	1	0	0	1	0	1	1	0	0	1	1	0	1	1	0	0	1	0	1	0	1	0	0	0	0	0	0	1	0	0	0	1	1	1	0	0	1	1	1	0	0	1	0	0	1	0	0	0	0	1	0	0	0	1	0	0	3	1	1	0	0	NA	0	0	1	1	1	0	0	1	1	1	1	0	0	0	0	0	0	0	0	0	0	1	1	1	1
mauw1238	0	0	1	0	1	0	1	0	0	0	1	0	0	1	1	0	1	0	0	0	0	0	0	NA	NA	0	1	0	0	0	0	0	1	NA	1	0	1	0	0	0	0	0	0	0	NA	0	1	0	0	0	NA	NA	NA	NA	0	0	0	0	1	1	1	0	0	1	NA	0	NA	0	0	0	1	0	1	0	1	0	1	0	1	1	0	1	1	1	0	0	0	0	1	0	1	0	0	1	NA	NA	NA	NA	1	1	1	0	1	0	1	1	0	0	0	0	1	0	1	0	0	0	0	1	0	1	0	1	1	0	0	1	0	1	0	NA	0	0	1	1	1	1	1	0	0	0	0	1	0	1	1	1	0	0	0	1	1	1	1	0	1	0	1	1	0	1
mend1268	1	0	1	1	1	0	0	1	0	0	0	0	0	NA	1	0	1	1	0	0	1	0	1	2	2	0	1	0	0	1	1	1	0	0	0	0	NA	0	0	0	0	0	0	0	NA	0	NA	NA	NA	0	NA	NA	NA	NA	0	0	NA	NA	0	0	0	1	1	0	3	0	NA	0	0	0	0	0	0	0	1	1	1	0	0	1	0	1	1	1	1	0	0	0	0	1	0	1	0	0	NA	NA	NA	NA	0	0	0	0	0	0	1	1	0	1	0	0	0	0	0	0	0	0	0	1	0	NA	0	1	0	NA	NA	0	1	0	0	1	0	0	1	1	1	0	1	0	1	0	0	1	0	1	0	0	0	0	0	1	1	1	1	1	0	NA	1	1	0	1
meng1267	1	0	1	0	1	0	1	0	0	1	0	0	1	1	1	0	1	0	0	0	0	0	0	2	2	0	1	1	0	0	1	0	0	0	1	0	0	0	NA	0	0	0	0	1	0	1	1	NA	1	0	0	0	0	0	0	0	0	0	1	1	0	1	0	1	3	1	2	1	1	0	0	0	0	1	0	0	1	1	1	0	0	0	0	0	0	1	1	0	0	1	0	1	1	0	NA	NA	NA	NA	0	0	0	0	0	0	0	0	0	0	0	0	0	0	1	0	1	0	1	0	0	0	0	1	0	0	0	1	0	0	0	1	0	1	0	1	1	1	0	1	1	1	0	1	0	1	0	0	0	0	0	0	0	0	0	0	1	0	0	1	1	1
meny1245	0	0	1	1	0	0	0	1	0	0	0	1	0	NA	NA	NA	1	1	0	1	0	0	1	2	2	0	0	0	0	1	1	0	1	0	1	1	0	0	0	1	0	0	0	1	1	0	1	1	0	0	NA	NA	NA	NA	0	0	0	0	1	1	1	0	1	1	1	0	4	0	0	0	1	0	1	0	1	0	1	1	1	1	0	1	1	0	1	1	1	0	1	0	1	0	0	1	NA	NA	NA	NA	0	0	1	0	1	0	1	1	1	0	0	0	0	0	1	1	0	0	0	1	0	0	0	1	1	0	0	1	1	1	0	1	0	0	1	1	1	1	1	0	1	1	0	1	0	1	0	1	0	0	0	1	1	0	0	0	1	1	1	0	0	0
mera1242	NA	NA	1	0	0	0	1	NA	NA	0	0	NA	0	NA	NA	NA	0	NA	NA	0	NA	NA	NA	NA	NA	NA	NA	1	NA	0	NA	0	0	NA	NA	0	NA	0	NA	NA	0	0	0	0	NA	NA	NA	NA	NA	0	NA	NA	NA	NA	0	NA	0	0	1	1	0	1	0	1	NA	0	2	NA	NA	0	NA	0	NA	1	0	0	1	NA	NA	NA	NA	NA	NA	NA	NA	0	1	NA	0	1	0	1	1	0	NA	NA	NA	NA	0	0	0	0	0	NA	1	1	0	NA	0	NA	0	0	1	0	1	0	0	1	NA	NA	NA	NA	0	NA	NA	NA	NA	1	0	1	0	1	0	NA	NA	1	0	0	1	0	0	1	0	1	0	0	NA	NA	NA	0	0	0	0	1	1	0	NA	1	1	NA
meri1244	0	NA	1	0	1	0	1	0	0	0	0	0	1	0	0	0	1	1	1	1	0	1	0	1	1	0	1	1	0	0	0	1	0	0	0	0	0	0	0	0	0	0	1	1	0	0	1	1	0	0	NA	NA	NA	NA	NA	NA	0	0	0	1	0	1	1	1	1	0	4	0	0	0	1	0	1	0	1	1	1	1	1	1	1	1	0	1	1	1	1	0	0	1	0	1	0	1	1	1	0	0	0	1	0	1	0	0	1	1	0	1	1	1	1	0	0	1	1	0	1	1	0	0	0	0	1	0	0	0	1	0	0	1	0	0	1	1	NA	1	0	1	1	NA	1	1	NA	NA	1	1	0	0	0	0	0	0	0	0	0	0	NA	0	1	1
meya1236	0	0	1	0	0	0	1	1	0	0	0	0	1	0	0	1	1	1	1	0	0	0	0	2	2	0	0	1	0	0	1	0	1	0	1	1	0	0	0	0	0	0	0	0	NA	0	0	0	0	0	NA	NA	NA	NA	0	NA	1	0	1	1	1	0	0	1	1	NA	2	1	0	0	0	0	0	1	0	0	1	1	1	0	1	0	0	0	0	1	1	0	0	1	0	1	1	0	NA	NA	NA	NA	0	0	0	0	0	1	0	0	0	0	0	0	1	1	0	0	1	0	0	1	0	0	0	0	0	0	0	0	1	0	0	1	0	1	0	1	1	1	1	0	0	0	0	1	0	1	0	1	0	0	0	0	0	0	0	1	0	0	0	1	0	1
mian1256	1	0	1	0	0	0	1	0	0	0	1	0	1	0	0	1	1	1	0	1	0	0	1	2	2	0	1	1	0	1	0	0	1	1	0	0	0	0	0	0	0	0	0	1	1	1	1	0	0	1	1	0	1	0	0	0	0	0	0	0	0	0	0	0	1	0	3	0	0	0	0	0	0	0	1	0	1	0	0	1	0	0	1	0	1	1	1	0	1	0	1	0	0	1	NA	NA	NA	NA	0	1	1	0	1	0	1	1	1	0	0	1	1	1	1	0	1	1	0	1	0	1	0	1	1	0	0	1	0	1	0	1	0	0	1	1	0	0	1	0	1	1	1	1	0	1	0	1	0	0	0	1	1	1	1	1	0	0	1	0	0	1
moki1238	0	1	1	0	1	0	0	0	0	1	1	0	NA	NA	NA	0	1	0	0	1	0	0	1	2	2	0	NA	1	0	0	1	0	0	0	1	0	0	1	0	0	0	1	0	1	0	NA	1	1	0	0	NA	NA	NA	NA	NA	NA	1	1	1	1	0	1	0	1	1	0	1	1	1	0	0	0	0	1	0	0	0	0	1	1	0	0	0	0	0	1	0	0	0	0	0	0	0	0	0	0	0	0	0	0	0	0	0	0	1	1	0	1	0	0	0	0	1	0	1	0	0	0	1	0	0	0	0	1	0	1	NA	0	0	1	0	1	0	1	1	1	0	1	0	NA	0	1	0	0	NA	0	0	0	0	0	0	0	NA	0	1	0	NA	1	NA	0
mori1268	1	0	1	1	1	0	1	0	0	0	0	0	NA	NA	NA	0	0	0	0	0	0	1	0	3	2	0	NA	1	0	0	0	0	0	NA	1	1	0	0	0	0	0	0	0	0	NA	NA	1	1	1	1	NA	NA	1	NA	0	1	NA	0	0	0	0	1	0	1	2	NA	1	1	1	0	0	0	0	1	0	NA	1	0	1	1	1	NA	NA	NA	NA	NA	NA	NA	NA	1	0	1	1	0	1	0	1	0	0	1	1	0	1	1	NA	1	0	0	0	0	0	NA	1	NA	NA	0	1	1	0	0	0	NA	0	0	0	1	NA	NA	0	3	1	NA	NA	NA	NA	0	0	1	0	1	1	1	NA	1	NA	0	0	1	0	0	0	0	NA	NA	1	0	0	0	0	0
motl1237	1	1	1	1	0	1	0	0	0	0	0	0	0	0	1	0	1	0	0	0	0	1	0	2	2	0	1	1	0	0	1	0	0	0	0	0	0	0	0	0	0	0	0	0	1	0	1	0	1	0	NA	NA	NA	NA	0	0	0	1	1	1	0	1	0	1	2	0	2	1	0	0	0	0	0	1	0	0	1	0	1	1	0	0	0	1	1	0	0	1	0	0	0	0	0	0	NA	NA	NA	NA	0	0	1	0	0	0	0	0	1	0	0	0	0	1	0	0	0	0	0	1	0	0	0	0	0	1	0	0	1	0	0	1	0	1	0	1	1	1	1	0	1	1	0	1	0	1	0	0	0	0	0	0	0	0	1	1	0	0	1	1	1	1
move1241	0	0	1	0	0	0	1	0	0	0	0	0	1	NA	NA	1	1	0	0	0	0	0	0	3	1	0	1	0	0	0	1	0	1	0	1	1	NA	0	0	0	NA	0	0	0	NA	NA	1	0	1	0	NA	NA	NA	NA	0	NA	NA	NA	1	1	1	1	1	1	1	0	2	0	0	0	0	0	0	0	1	1	1	0	1	0	1	1	1	1	1	1	NA	NA	1	1	1	0	0	1	0	1	0	0	1	0	0	0	NA	NA	1	1	1	0	0	0	1	NA	1	0	0	0	1	1	NA	NA	NA	1	1	NA	NA	NA	NA	0	0	1	0	0	1	1	1	1	0	0	0	0	0	1	0	1	0	1	0	0	0	1	1	1	1	1	1	NA	1	1	NA	NA
muna1247	0	0	1	1	1	1	1	1	0	0	0	0	0	0	1	0	0	0	0	0	0	1	0	3	2	0	0	1	0	0	1	0	0	0	1	1	1	0	0	0	0	0	0	1	0	1	1	0	1	0	NA	NA	NA	NA	NA	NA	1	0	0	1	0	1	0	1	2	0	1	1	1	0	0	0	0	1	0	0	1	0	1	1	1	0	0	0	0	0	1	1	0	1	0	1	1	0	0	1	0	0	0	1	1	1	1	1	0	1	0	1	0	0	1	1	1	0	1	0	0	1	0	0	0	0	0	0	0	1	0	0	0	3	0	1	0	1	1	0	0	1	1	0	0	1	0	1	0	1	0	0	0	0	0	0	0	0	1	0	1	1	1	1
murr1258	1	1	0	0	1	0	1	1	1	0	0	0	0	NA	1	0	1	NA	NA	NA	NA	NA	NA	NA	NA	NA	NA	NA	NA	NA	NA	NA	NA	NA	NA	NA	NA	NA	NA	NA	NA	NA	NA	NA	NA	NA	NA	NA	NA	NA	NA	NA	NA	NA	NA	NA	NA	NA	NA	NA	NA	NA	NA	NA	NA	NA	NA	NA	NA	NA	NA	NA	NA	NA	NA	NA	NA	NA	NA	NA	NA	NA	NA	NA	NA	NA	NA	NA	NA	NA	NA	NA	NA	NA	NA	NA	NA	NA	NA	NA	NA	NA	NA	NA	NA	NA	NA	NA	NA	NA	NA	NA	NA	NA	NA	NA	NA	NA	NA	NA	NA	NA	NA	NA	NA	NA	NA	NA	NA	NA	NA	NA	NA	NA	NA	NA	NA	NA	NA	NA	NA	NA	NA	NA	NA	NA	NA	NA	NA	NA	NA	NA	NA	NA	NA	NA	NA	NA	NA	NA
muss1246	1	0	1	0	1	1	0	0	0	1	1	0	1	NA	NA	0	1	0	0	0	0	1	0	3	2	0	NA	1	0	0	1	0	0	NA	1	0	0	0	0	0	NA	0	0	0	0	0	NA	NA	NA	1	0	0	0	0	0	1	0	1	1	1	0	1	0	1	3	1	1	0	0	0	0	0	0	1	0	0	1	0	1	1	0	0	NA	0	1	0	0	0	0	1	0	1	1	0	0	0	0	0	0	0	0	0	0	0	0	0	0	0	0	NA	0	1	1	1	1	0	0	1	0	NA	0	1	0	0	0	1	NA	0	0	1	0	1	0	1	NA	0	0	1	1	NA	0	1	0	1	0	0	0	0	0	0	0	0	0	0	1	0	NA	1	NA	NA
naas1242	NA	NA	1	0	0	0	0	NA	NA	0	0	NA	0	NA	NA	NA	1	NA	NA	0	NA	NA	NA	NA	NA	NA	NA	0	NA	0	NA	0	0	NA	NA	1	NA	1	NA	NA	1	0	1	1	NA	NA	NA	NA	NA	0	NA	NA	NA	NA	0	NA	1	0	1	1	1	0	1	1	NA	0	2	NA	NA	1	NA	1	NA	NA	1	0	0	NA	NA	NA	NA	NA	NA	NA	NA	1	0	NA	1	0	1	0	1	0	0	1	0	0	0	1	0	0	0	NA	1	1	1	NA	1	NA	1	0	NA	1	1	0	1	NA	NA	NA	NA	1	NA	NA	NA	NA	NA	1	0	1	0	0	1	NA	NA	1	1	0	0	NA	0	1	NA	NA	1	1	NA	NA	NA	0	1	1	0	1	0	0	0	1	1	1
naba1256	1	0	1	0	0	0	1	0	0	0	0	1	NA	NA	NA	NA	1	0	0	0	0	0	0	2	3	0	1	0	0	0	1	0	1	NA	1	1	0	0	0	0	0	0	NA	0	NA	NA	1	NA	1	0	NA	NA	NA	NA	0	NA	NA	NA	1	1	0	1	1	1	1	0	2	0	0	0	0	0	0	0	1	1	1	1	1	1	0	1	1	1	1	1	1	0	1	0	1	0	0	1	NA	NA	NA	NA	1	0	1	0	1	0	1	1	0	0	0	0	0	NA	0	0	NA	NA	0	1	0	0	0	1	1	NA	NA	NA	NA	1	0	1	0	0	1	1	1	1	1	0	1	0	0	1	0	1	0	1	0	0	0	1	1	1	1	1	NA	NA	1	1	NA	NA
naka1262	0	0	1	0	1	0	1	0	0	0	0	0	0	0	1	0	0	0	0	0	0	1	0	3	2	0	1	1	0	0	1	0	0	0	1	0	0	0	0	0	0	0	0	0	0	0	1	1	1	0	NA	NA	NA	NA	0	0	0	0	1	1	0	1	0	1	2	0	1	1	1	0	0	0	0	1	0	0	1	1	1	1	1	0	0	0	0	0	1	0	0	0	0	0	1	0	NA	NA	NA	NA	0	0	0	0	1	0	1	1	0	0	0	0	0	0	1	0	1	0	0	1	0	0	0	1	0	0	1	1	NA	0	0	1	0	1	0	1	1	1	0	0	1	1	0	1	0	1	0	0	1	0	0	0	0	0	1	0	1	0	1	1	1	1
nali1244	NA	NA	1	0	1	0	1	NA	NA	0	0	NA	0	NA	NA	NA	1	NA	NA	0	NA	NA	NA	NA	NA	NA	NA	1	NA	0	NA	0	0	NA	NA	0	NA	0	NA	NA	NA	NA	NA	NA	NA	NA	NA	NA	NA	0	NA	NA	NA	NA	NA	NA	0	0	1	1	0	1	0	1	NA	0	2	NA	NA	0	NA	0	NA	1	0	0	1	NA	NA	NA	NA	NA	NA	NA	NA	1	0	NA	1	0	1	0	NA	NA	0	1	1	1	0	0	0	1	0	NA	1	0	0	NA	1	NA	0	0	1	0	1	0	1	1	NA	NA	NA	0	0	NA	NA	1	0	0	0	1	0	1	0	NA	NA	1	0	1	1	1	0	1	0	1	0	0	NA	NA	NA	0	NA	0	NA	0	1	0	NA	1	NA	NA
nami1256	0	0	0	0	0	0	0	0	0	0	0	1	0	1	1	0	1	0	0	0	1	0	1	2	2	0	1	1	0	1	1	1	0	0	0	0	0	0	0	0	NA	0	0	0	NA	NA	1	NA	NA	0	NA	NA	NA	NA	0	NA	0	0	0	0	0	1	0	1	1	0	2	0	0	0	0	0	0	0	1	0	1	1	1	1	0	0	0	1	0	0	0	NA	0	0	0	0	0	0	NA	NA	NA	NA	0	1	0	0	0	1	1	1	1	1	1	0	0	NA	1	1	NA	NA	0	NA	0	0	0	1	NA	0	1	1	NA	0	NA	1	0	0	1	1	1	1	0	0	1	0	0	0	0	0	0	NA	0	0	0	0	0	0	NA	NA	NA	0	1	NA	1	1
narr1259	1	1	0	0	1	0	0	1	1	0	0	0	1	0	1	0	1	1	1	0	0	0	0	NA	NA	NA	1	0	0	0	1	0	0	0	NA	NA	NA	NA	0	0	0	1	1	1	0	NA	1	1	0	0	NA	NA	NA	NA	0	NA	0	0	NA	1	0	1	1	1	3	NA	4	NA	NA	0	1	0	1	1	1	0	1	1	0	1	NA	1	1	1	0	1	NA	0	1	0	1	0	1	0	NA	NA	NA	NA	0	0	0	0	0	0	0	1	0	0	0	0	NA	NA	NA	NA	NA	0	0	0	0	0	0	0	0	0	0	0	0	0	0	3	0	1	0	NA	1	0	0	1	NA	NA	1	1	NA	NA	1	0	0	0	0	0	0	1	0	NA	NA	NA	NA	NA	NA	NA
ngan1295	0	1	0	0	1	0	0	1	1	1	1	1	NA	NA	NA	0	1	0	1	0	0	0	0	NA	1	1	1	1	0	1	1	0	0	0	1	0	0	0	0	0	0	1	1	1	0	1	0	0	0	1	1	0	1	1	0	1	0	0	1	1	1	1	1	1	3	NA	4	0	0	0	1	0	1	0	1	1	1	1	1	1	0	1	1	1	0	1	0	1	0	1	0	1	0	1	NA	NA	NA	NA	0	1	0	1	1	0	1	1	1	1	0	1	1	0	1	1	1	NA	NA	NA	0	0	0	0	0	0	1	0	0	0	0	2	1	0	0	1	1	0	1	0	0	0	1	0	NA	NA	1	0	0	0	0	1	0	NA	0	0	1	0	NA	1	1	0
ngar1284	1	1	0	0	1	0	0	1	1	0	NA	0	0	0	1	0	1	1	0	0	0	0	0	3	3	NA	1	1	0	1	0	0	0	0	1	0	0	0	0	0	0	0	1	0	0	1	1	1	0	1	1	0	0	1	0	1	0	0	1	1	1	1	1	1	3	1	4	0	0	0	0	0	0	0	1	0	1	1	1	1	0	1	1	1	0	1	1	0	0	1	0	1	0	1	1	0	0	0	0	1	1	0	1	0	1	1	1	1	0	0	1	0	NA	NA	NA	NA	NA	NA	NA	NA	NA	NA	NA	NA	NA	NA	NA	NA	NA	NA	NA	NA	NA	NA	NA	NA	NA	NA	NA	NA	NA	NA	NA	NA	NA	NA	NA	NA	NA	NA	NA	NA	NA	NA	NA	NA	NA	NA	NA	NA
ngge1241	0	0	1	1	0	0	1	0	0	0	0	0	1	0	1	0	1	1	0	0	0	0	0	2	2	0	0	0	0	0	0	0	0	1	0	0	0	0	0	0	0	0	0	1	1	0	1	0	0	0	NA	NA	NA	NA	0	NA	0	0	1	0	1	0	0	1	1	0	4	0	0	0	0	0	0	0	1	1	1	0	0	1	0	1	1	1	1	1	1	1	1	0	1	0	1	1	0	1	0	0	1	1	1	0	1	0	1	1	1	0	1	1	1	0	0	1	0	0	0	1	0	1	0	1	1	0	0	1	0	0	0	1	0	0	1	1	1	0	1	0	0	1	0	1	0	1	0	0	1	0	0	1	1	1	1	1	0	0	1	1	1	1
nias1242	0	0	1	0	1	1	1	0	0	0	0	0	1	0	1	0	0	0	0	0	0	0	0	3	2	0	1	1	0	0	0	0	0	0	0	0	0	0	0	0	0	0	0	0	0	1	1	0	1	0	NA	NA	NA	NA	NA	0	1	0	0	0	0	1	0	1	2	0	1	1	NA	NA	NA	NA	NA	NA	NA	NA	NA	NA	NA	NA	NA	NA	NA	NA	NA	NA	NA	NA	NA	NA	NA	NA	NA	NA	NA	NA	NA	NA	NA	NA	NA	NA	NA	NA	NA	NA	NA	NA	NA	NA	NA	NA	NA	NA	NA	NA	NA	NA	NA	NA	NA	NA	NA	NA	NA	NA	NA	NA	NA	NA	NA	NA	NA	NA	NA	NA	NA	NA	NA	NA	NA	NA	NA	NA	NA	NA	NA	NA	NA	NA	NA	NA	NA	NA	NA	NA	NA	NA	NA	NA
nort2845	0	0	1	0	0	0	0	0	0	0	1	0	0	1	1	0	0	0	0	1	0	1	0	1	3	0	0	1	0	0	0	0	0	0	1	0	0	0	0	0	0	0	0	0	0	NA	1	NA	NA	0	NA	NA	NA	NA	0	NA	1	0	1	1	0	0	1	0	3	0	1	0	0	0	0	0	0	1	0	1	1	1	1	1	0	0	0	0	0	0	0	0	0	0	0	0	0	0	0	0	0	0	0	0	0	0	0	0	0	1	0	0	0	0	0	1	0	0	0	0	0	1	0	0	0	NA	NA	1	0	1	NA	0	0	2	1	0	0	1	NA	1	0	1	1	1	1	1	0	NA	0	0	1	0	0	NA	0	0	NA	0	1	0	NA	1	1	NA
nots1237	NA	NA	1	0	1	0	1	NA	NA	0	1	NA	0	NA	NA	NA	1	NA	NA	0	NA	NA	NA	NA	NA	NA	NA	1	NA	0	NA	0	0	NA	NA	0	NA	0	NA	NA	0	NA	NA	NA	0	NA	NA	NA	NA	0	NA	NA	NA	NA	NA	NA	NA	NA	1	1	1	1	0	1	NA	1	1	NA	NA	0	NA	1	NA	1	0	0	1	NA	NA	NA	NA	NA	NA	NA	NA	0	1	NA	0	1	0	1	NA	NA	0	0	0	0	0	0	0	0	0	NA	NA	0	1	NA	0	NA	0	1	1	1	1	0	0	1	NA	NA	NA	1	1	NA	NA	NA	NA	0	NA	1	0	1	0	NA	NA	1	0	1	1	1	1	1	NA	NA	0	NA	NA	NA	NA	NA	NA	0	1	0	1	0	1	1	0	1
nucl1460	0	NA	1	0	1	0	1	0	1	1	0	1	NA	NA	NA	0	1	1	0	1	0	0	1	3	2	0	1	0	0	0	0	0	0	0	1	0	0	0	0	0	0	0	0	0	NA	NA	1	1	1	0	NA	NA	NA	NA	NA	NA	NA	0	0	0	0	1	0	1	2	0	NA	1	1	0	0	0	0	1	0	0	1	1	1	1	0	0	0	0	0	1	1	0	0	0	0	0	0	0	0	0	0	0	0	1	0	0	0	0	NA	1	0	0	0	0	0	0	1	0	1	0	0	NA	1	NA	NA	0	0	0	0	1	NA	0	0	1	0	1	1	1	1	1	0	1	1	0	1	1	0	1	NA	1	NA	NA	NA	NA	NA	NA	NA	NA	NA	NA	NA	NA	NA	NA
nucl1594	0	0	1	0	0	0	1	0	0	0	0	0	0	0	1	0	1	1	0	NA	NA	0	0	2	2	0	NA	0	0	0	0	0	1	1	1	0	0	0	0	0	0	0	0	0	NA	1	1	NA	NA	1	NA	NA	1	NA	0	1	0	0	1	1	1	1	1	1	1	0	2	1	1	0	0	0	0	0	1	0	1	1	0	1	0	0	0	0	0	0	1	NA	1	1	1	0	1	1	0	1	0	0	0	0	0	0	0	0	1	1	0	1	0	0	0	1	0	0	0	NA	1	1	NA	NA	0	NA	NA	NA	NA	1	NA	1	0	1	0	0	1	1	1	0	1	0	0	0	0	1	0	0	NA	0	0	0	0	0	0	0	NA	NA	NA	NA	1	1	NA	NA
nucl1622	0	0	1	1	0	0	1	0	0	0	0	0	0	0	1	0	1	0	0	0	0	0	0	3	3	0	1	0	0	1	0	0	1	0	1	0	0	0	0	NA	1	0	0	0	NA	NA	NA	1	1	1	1	0	1	1	1	1	0	0	1	1	1	0	0	1	1	0	NA	0	0	0	0	0	0	0	1	0	1	1	1	1	0	1	1	1	1	1	0	0	1	1	0	1	1	1	0	1	0	0	0	1	0	1	1	1	1	1	1	1	1	1	1	0	0	0	1	NA	1	0	0	0	0	NA	1	NA	NA	1	NA	0	0	1	0	1	1	1	NA	0	0	0	0	1	1	1	0	1	0	1	0	0	0	0	0	1	NA	NA	NA	NA	NA	NA	NA	NA
onge1236	1	0	0	0	1	0	1	1	NA	0	0	1	NA	NA	NA	NA	0	0	0	NA	NA	0	NA	NA	1	NA	NA	0	0	0	0	NA	NA	NA	1	0	0	0	1	0	NA	1	1	1	NA	NA	NA	NA	NA	NA	NA	NA	NA	NA	0	NA	NA	NA	1	1	1	0	0	1	1	0	4	0	0	0	1	0	NA	0	1	0	1	1	0	1	0	1	1	1	1	NA	0	NA	0	0	0	0	0	0	NA	NA	NA	NA	NA	1	0	0	NA	NA	1	1	0	1	NA	NA	NA	NA	NA	1	NA	NA	NA	NA	NA	NA	NA	1	NA	NA	NA	NA	NA	NA	NA	1	0	0	1	NA	NA	NA	1	NA	0	NA	NA	NA	NA	NA	NA	NA	NA	NA	NA	NA	NA	NA	NA	NA	1	NA	NA	NA	NA	NA
orya1242	1	0	1	0	0	0	1	0	0	0	0	1	0	1	1	0	1	1	1	1	0	0	1	2	2	0	0	1	1	1	1	0	0	0	0	0	0	0	0	0	0	0	0	0	NA	0	1	NA	NA	1	1	1	1	0	1	0	NA	NA	1	1	0	1	0	1	1	0	NA	0	0	0	1	0	1	0	1	0	1	1	1	1	0	1	1	1	1	1	1	NA	1	1	1	1	1	0	0	1	0	0	0	1	1	1	1	0	0	0	0	1	1	0	1	0	1	0	NA	0	NA	1	0	0	1	NA	1	NA	NA	1	NA	0	1	1	0	1	1	1	1	0	NA	0	1	1	0	1	0	0	0	0	0	0	0	0	0	NA	NA	1	0	0	NA	1	1	NA
paiw1248	0	0	1	0	1	0	1	0	1	0	0	0	1	0	1	0	1	0	0	0	0	0	0	3	1	0	NA	1	0	0	0	0	0	0	0	0	1	0	0	0	NA	0	0	0	0	NA	0	1	1	0	NA	NA	NA	NA	NA	NA	1	0	0	NA	NA	NA	0	1	3	0	1	0	0	0	1	0	1	NA	0	1	1	0	1	1	1	0	0	0	0	1	0	0	1	0	1	1	NA	NA	NA	NA	NA	NA	NA	NA	NA	NA	NA	NA	NA	NA	NA	NA	NA	NA	NA	NA	NA	NA	NA	NA	NA	NA	NA	NA	NA	NA	NA	NA	NA	NA	NA	NA	NA	NA	NA	NA	NA	NA	NA	NA	NA	NA	NA	NA	NA	NA	NA	NA	NA	NA	NA	NA	NA	NA	NA	NA	NA	NA	NA	NA	NA	NA	NA	NA
pele1245	NA	NA	1	0	0	1	0	NA	NA	0	0	NA	NA	NA	NA	NA	0	NA	NA	0	NA	NA	NA	NA	NA	NA	NA	1	NA	1	NA	0	0	NA	NA	0	NA	0	NA	NA	NA	0	0	0	0	NA	NA	NA	NA	1	1	0	0	NA	1	1	0	1	1	0	0	1	0	1	NA	0	2	NA	NA	0	NA	1	NA	1	0	0	1	NA	NA	NA	NA	NA	NA	NA	NA	NA	0	NA	1	1	0	1	1	0	0	1	0	0	NA	0	1	0	1	NA	1	1	0	NA	NA	NA	1	1	0	NA	NA	NA	1	1	NA	NA	NA	NA	NA	NA	NA	NA	NA	0	0	1	0	1	0	NA	NA	1	1	0	0	1	1	1	0	0	1	1	NA	NA	NA	0	0	0	NA	NA	NA	NA	1	1	1	1
pile1238	NA	NA	1	0	0	0	1	NA	NA	0	1	NA	0	NA	NA	NA	1	NA	NA	1	NA	NA	NA	NA	NA	NA	NA	1	NA	0	NA	0	0	NA	NA	0	NA	0	NA	NA	0	0	0	1	1	NA	NA	NA	NA	0	NA	NA	NA	NA	NA	NA	1	0	1	1	0	1	1	1	NA	1	1	NA	NA	1	NA	1	NA	1	0	1	1	NA	NA	NA	NA	NA	NA	NA	NA	1	0	NA	0	0	1	0	1	0	0	0	0	1	0	0	0	0	0	NA	0	1	0	NA	1	NA	0	0	1	0	0	0	0	1	NA	NA	NA	0	1	NA	NA	1	0	0	0	1	0	1	0	NA	NA	0	0	1	1	1	1	1	1	1	1	0	NA	NA	NA	0	0	0	0	0	1	0	0	1	0	0
plat1254	1	0	1	1	1	0	1	0	1	0	0	0	1	1	1	0	0	0	0	1	0	1	0	NA	3	0	NA	1	0	0	0	0	0	0	1	0	1	0	0	0	0	0	0	0	NA	1	1	1	1	0	NA	NA	NA	NA	0	NA	0	0	0	1	1	1	0	1	2	0	1	1	0	1	1	1	1	1	0	1	1	NA	1	1	0	1	1	1	0	0	0	0	1	0	1	0	1	0	0	0	0	0	0	0	0	0	1	1	1	1	0	NA	0	0	0	0	1	NA	1	0	0	0	1	NA	0	1	0	0	0	1	NA	NA	0	2	1	0	0	1	1	1	0	1	1	NA	NA	NA	NA	NA	NA	NA	NA	NA	NA	NA	NA	NA	NA	NA	NA	NA	NA	NA	NA	NA
pulu1242	1	NA	1	0	1	0	0	0	0	1	1	1	1	1	1	NA	NA	NA	NA	NA	NA	NA	NA	NA	NA	NA	NA	NA	NA	NA	NA	NA	NA	NA	NA	NA	NA	NA	NA	NA	NA	NA	NA	NA	NA	NA	NA	NA	NA	NA	NA	NA	NA	NA	NA	NA	NA	NA	NA	NA	NA	NA	NA	NA	NA	NA	NA	NA	NA	NA	NA	NA	NA	NA	NA	NA	NA	NA	NA	NA	NA	NA	NA	NA	NA	NA	NA	NA	NA	NA	NA	NA	NA	NA	NA	NA	NA	NA	NA	NA	NA	NA	NA	NA	NA	NA	NA	NA	NA	NA	NA	NA	NA	NA	NA	NA	NA	NA	NA	NA	NA	NA	NA	NA	NA	NA	NA	NA	NA	NA	NA	NA	NA	NA	NA	NA	NA	NA	NA	NA	NA	NA	NA	NA	NA	NA	NA	NA	NA	NA	NA	NA	NA	NA	NA	NA	NA	NA	NA	NA
puyu1239	0	0	1	0	1	0	1	0	1	0	0	1	0	0	1	0	1	0	0	1	1	1	0	3	1	0	1	1	0	0	0	0	0	0	1	0	0	0	0	0	0	0	0	0	0	NA	1	1	1	0	0	0	0	0	0	0	0	0	1	1	1	1	0	1	3	0	1	1	1	1	1	1	1	0	0	0	0	0	1	1	1	0	0	0	0	1	1	0	1	0	0	1	1	0	NA	NA	NA	NA	0	0	0	0	1	1	1	1	1	0	0	0	0	0	1	0	1	0	0	1	0	0	0	0	0	0	0	1	0	0	0	2	1	0	0	1	1	1	0	1	0	0	1	0	0	0	0	0	1	1	0	0	0	0	0	1	1	0	0	1	1	1
qaqe1238	NA	NA	1	0	1	0	1	NA	NA	0	0	NA	NA	NA	NA	NA	1	NA	NA	0	NA	NA	NA	NA	NA	NA	NA	0	NA	1	NA	1	0	NA	NA	0	NA	1	NA	NA	0	1	1	1	0	NA	NA	NA	NA	1	1	0	1	NA	1	1	0	0	NA	0	NA	NA	NA	NA	NA	NA	4	NA	NA	0	NA	1	NA	1	0	0	1	NA	NA	NA	NA	NA	NA	NA	NA	0	0	NA	0	0	0	0	0	0	0	0	1	0	0	0	0	0	0	NA	NA	NA	1	NA	0	NA	0	NA	NA	0	0	0	0	0	NA	NA	NA	0	0	NA	NA	NA	NA	NA	0	1	0	1	0	NA	NA	1	0	1	1	1	0	1	0	1	0	0	NA	NA	NA	0	NA	0	NA	0	0	0	1	NA	NA	NA
ramo1244	NA	NA	1	0	1	0	1	NA	NA	0	0	NA	0	NA	NA	NA	1	NA	NA	0	NA	NA	NA	NA	NA	NA	NA	1	NA	0	NA	0	0	NA	NA	0	NA	0	NA	NA	NA	NA	NA	NA	NA	NA	NA	NA	NA	1	0	0	0	NA	0	1	0	0	1	1	0	1	0	1	NA	1	1	NA	NA	0	NA	0	NA	1	0	0	1	NA	NA	NA	NA	NA	NA	NA	NA	0	0	NA	0	1	0	1	1	0	NA	0	0	0	0	0	1	0	0	NA	1	0	1	NA	NA	NA	0	0	1	0	1	0	0	1	NA	NA	NA	0	0	NA	NA	1	NA	NA	NA	1	0	1	0	NA	NA	1	0	1	1	0	0	1	0	1	0	NA	NA	NA	NA	0	NA	0	0	0	1	0	1	1	0	0
rapa1244	1	0	1	0	0	0	0	0	0	0	1	0	0	1	1	0	0	0	0	1	1	1	0	3	NA	0	1	1	0	0	1	0	0	0	1	0	1	0	0	0	0	0	0	0	NA	0	1	0	0	0	NA	NA	NA	NA	NA	NA	0	0	1	1	0	0	1	0	3	0	1	NA	NA	0	0	0	0	1	0	1	1	1	1	0	0	0	0	0	0	0	0	0	0	0	0	0	0	0	0	0	0	0	0	1	0	0	0	0	0	0	0	0	NA	0	0	NA	1	0	0	0	0	0	0	0	0	0	0	0	0	1	NA	0	0	NA	1	0	0	1	1	1	0	1	0	NA	1	1	NA	NA	NA	0	0	0	0	0	0	0	NA	0	1	0	0	1	1	NA
rawa1267	1	0	1	1	0	0	1	0	0	NA	0	0	1	0	0	0	0	0	0	1	0	0	1	NA	NA	0	1	0	0	0	1	0	1	NA	0	0	0	0	0	0	0	0	0	0	NA	1	1	NA	NA	0	NA	NA	NA	NA	0	0	0	0	1	1	0	1	0	1	NA	0	NA	0	0	0	0	0	0	0	1	1	1	0	0	1	0	1	1	1	0	1	0	0	1	0	1	0	1	1	0	1	0	0	0	0	0	0	0	0	1	1	0	0	0	1	0	NA	0	0	0	0	0	0	0	0	0	0	1	0	0	1	0	0	0	NA	0	0	1	1	1	1	1	0	0	0	0	1	0	1	0	0	0	0	0	1	1	1	1	0	NA	NA	1	1	1	NA
renn1242	0	0	1	1	0	1	0	0	0	0	1	0	0	1	1	0	0	0	0	1	1	1	0	1	1	0	1	1	0	0	1	0	0	0	1	0	1	0	0	0	0	0	0	0	NA	0	1	1	1	0	NA	NA	NA	NA	0	0	1	1	0	0	0	1	1	0	2	0	1	1	NA	0	0	0	0	1	0	1	1	1	1	1	0	0	0	0	0	NA	0	0	0	0	0	0	0	0	0	0	0	0	0	1	0	0	0	0	0	0	0	0	1	0	0	NA	1	0	1	0	0	1	0	0	0	NA	NA	NA	NA	1	NA	NA	0	NA	1	NA	0	1	1	1	0	1	1	1	1	0	NA	NA	NA	0	NA	0	0	0	0	0	0	0	1	0	NA	1	1	0
rita1239	1	1	0	0	1	0	0	1	1	0	1	0	NA	NA	NA	0	1	0	1	0	0	0	0	NA	NA	1	1	1	0	0	1	0	0	0	1	0	0	0	0	0	0	0	1	1	1	0	1	0	0	0	NA	NA	NA	NA	NA	NA	0	0	1	1	0	1	1	1	3	0	4	0	0	1	1	1	1	0	0	0	0	0	0	1	0	1	1	1	0	0	0	0	1	0	1	0	1	0	0	NA	NA	NA	0	0	0	0	1	0	1	1	1	0	0	0	1	0	1	1	1	0	0	NA	0	0	0	0	0	0	0	0	0	0	0	2	1	0	0	1	1	0	1	1	1	1	1	1	NA	1	1	0	0	0	0	NA	0	1	0	0	1	0	0	1	1	1
roto1249	0	0	1	0	0	0	1	0	0	0	1	0	0	1	1	0	0	0	0	1	NA	1	NA	1	1	NA	1	1	0	1	1	0	1	0	1	0	0	0	1	1	0	1	1	1	NA	NA	NA	1	NA	1	1	0	1	0	1	1	0	0	0	1	0	1	0	1	1	0	2	0	0	0	0	0	0	0	1	0	1	1	1	1	0	1	1	1	1	1	1	0	1	0	1	0	0	0	NA	NA	NA	NA	0	0	0	0	0	0	1	0	0	0	0	0	1	0	1	1	1	0	0	0	0	NA	0	0	0	1	NA	0	0	0	0	3	0	0	1	1	1	1	0	1	1	1	0	1	NA	NA	NA	NA	0	0	0	1	0	0	0	0	1	NA	0	1	1	NA
rotu1241	0	NA	1	0	1	0	0	0	0	0	0	1	0	0	1	0	1	NA	NA	1	NA	1	1	2	2	0	1	1	0	0	0	0	0	0	1	0	0	0	0	0	1	0	0	1	NA	0	NA	NA	NA	0	NA	NA	NA	NA	0	NA	0	0	0	1	0	1	1	0	3	0	1	NA	0	0	0	0	0	1	0	0	0	0	1	1	0	0	0	0	0	0	0	0	1	0	0	0	0	0	1	0	0	0	0	0	0	0	0	0	NA	NA	0	1	NA	0	0	NA	1	NA	1	0	0	NA	NA	NA	NA	NA	NA	0	0	NA	0	NA	NA	1	0	1	0	NA	NA	1	0	1	1	1	0	1	NA	NA	0	NA	0	0	0	NA	0	NA	NA	0	1	0	NA	1	1	1
rovi1238	NA	NA	1	1	1	1	1	NA	NA	0	0	NA	0	NA	NA	NA	0	NA	NA	1	NA	NA	NA	NA	NA	NA	NA	1	NA	0	NA	0	0	NA	NA	0	NA	0	NA	NA	NA	0	0	0	NA	NA	NA	NA	NA	0	NA	NA	NA	NA	NA	NA	0	0	1	1	0	1	0	1	NA	1	1	NA	NA	0	NA	0	NA	1	0	0	1	NA	NA	NA	NA	NA	NA	NA	NA	0	0	NA	0	0	0	0	1	0	0	0	0	0	0	0	0	0	0	NA	1	1	0	NA	NA	NA	0	NA	1	0	1	0	0	1	NA	NA	NA	0	0	NA	NA	NA	0	NA	0	2	1	0	0	NA	NA	0	0	1	NA	1	1	1	1	0	0	0	NA	NA	NA	0	0	0	NA	NA	1	NA	NA	1	0	1
salt1242	1	0	1	0	1	0	1	0	0	0	0	0	1	0	0	1	1	1	0	NA	NA	0	0	NA	NA	0	1	0	0	0	0	0	0	0	NA	0	0	0	0	0	0	0	0	0	NA	NA	NA	NA	NA	0	0	0	0	0	0	0	0	0	1	1	1	1	0	1	NA	NA	NA	0	0	0	0	0	0	0	1	0	1	NA	0	1	0	0	0	0	0	1	1	0	1	0	1	0	0	0	0	0	0	0	0	0	0	0	0	0	1	1	1	0	0	0	0	NA	0	0	0	0	1	1	1	0	0	NA	1	NA	NA	1	1	0	0	NA	0	0	1	1	1	1	1	0	NA	1	0	1	0	NA	0	1	0	0	0	1	0	1	1	NA	0	NA	1	NA	NA	NA
samo1305	0	0	1	0	1	0	0	0	0	0	1	0	0	1	1	0	0	0	0	1	1	1	0	3	3	0	0	1	0	0	1	0	0	0	1	0	0	0	0	0	0	0	0	0	NA	0	1	0	0	0	NA	NA	NA	NA	NA	NA	1	0	1	1	0	0	1	0	3	0	1	1	NA	0	0	0	0	1	0	1	1	0	1	1	0	0	0	0	0	NA	0	0	0	0	0	0	0	0	0	0	0	0	0	1	0	0	0	0	0	0	0	0	1	0	0	1	1	0	1	0	0	1	0	0	0	NA	0	1	0	1	0	0	0	2	1	0	0	1	1	1	0	0	1	1	1	NA	NA	NA	NA	NA	NA	NA	NA	NA	NA	NA	NA	NA	NA	NA	NA	NA	NA	NA
sapo1253	NA	NA	1	0	0	0	1	NA	NA	0	0	NA	0	NA	NA	NA	1	NA	NA	1	NA	NA	NA	NA	NA	NA	NA	1	NA	0	NA	0	0	NA	NA	0	NA	0	NA	NA	NA	0	0	0	NA	NA	NA	NA	NA	1	0	0	1	NA	0	0	0	0	1	1	0	1	0	1	NA	0	1	NA	NA	0	NA	0	NA	1	0	0	1	NA	NA	NA	NA	NA	NA	NA	NA	0	1	NA	1	0	1	0	1	0	NA	NA	NA	NA	0	0	0	0	1	NA	1	NA	0	NA	NA	NA	0	NA	1	0	1	0	0	1	NA	NA	NA	0	0	NA	NA	NA	NA	NA	0	3	0	1	0	NA	NA	1	0	0	1	NA	0	1	0	1	0	0	NA	NA	NA	0	0	0	1	NA	1	NA	NA	1	NA	NA
savo1255	NA	NA	1	1	1	1	1	NA	NA	0	0	NA	NA	NA	NA	NA	0	NA	NA	1	NA	NA	NA	NA	NA	NA	NA	1	NA	1	NA	1	1	NA	NA	0	NA	0	NA	NA	1	0	1	1	0	NA	NA	NA	NA	1	1	1	1	NA	0	1	NA	NA	0	0	0	1	1	0	NA	NA	1	NA	NA	1	NA	0	NA	0	1	0	1	NA	NA	NA	NA	NA	NA	NA	NA	NA	NA	NA	NA	NA	NA	NA	1	1	0	1	0	0	1	0	0	1	1	NA	1	1	0	NA	1	NA	1	1	1	0	0	0	0	1	NA	NA	NA	0	0	NA	NA	1	0	1	0	1	0	0	1	NA	NA	1	0	1	1	1	0	1	0	1	NA	0	NA	NA	NA	1	0	NA	0	1	0	0	1	1	1	1
sele1250	1	0	1	0	1	1	1	0	0	0	0	0	0	0	1	0	1	0	0	0	0	0	0	2	2	0	1	0	0	0	1	0	1	NA	1	1	0	0	0	0	0	0	1	1	1	0	1	1	0	0	0	0	0	0	0	0	0	0	1	1	0	1	1	1	3	0	2	0	0	0	0	0	0	0	1	1	1	1	0	1	0	0	1	1	1	1	1	0	1	0	1	0	1	1	0	1	0	0	1	0	1	0	1	0	1	1	0	0	0	0	1	0	1	1	1	0	0	1	0	0	0	1	1	0	0	1	1	1	0	1	0	0	1	1	1	1	1	0	0	0	0	1	0	1	0	1	0	0	0	1	1	0	1	1	NA	0	1	1	0	1
siar1238	1	NA	1	0	1	0	1	0	0	0	0	0	0	0	1	0	1	0	0	1	NA	1	0	1	3	0	1	1	0	0	1	0	0	NA	1	0	0	0	0	0	1	0	0	0	NA	0	1	NA	1	1	0	0	0	NA	0	1	0	1	1	1	0	1	0	1	3	1	1	1	NA	0	0	0	NA	1	0	0	1	1	1	1	NA	0	0	0	0	NA	NA	0	0	0	0	0	0	0	0	0	0	0	0	0	0	0	0	0	1	0	0	0	NA	NA	0	0	1	0	1	0	0	1	NA	NA	NA	1	NA	NA	1	0	NA	0	0	1	0	1	0	1	1	1	0	1	1	1	0	1	0	1	0	0	0	0	0	NA	0	0	0	0	1	0	NA	1	1	0
siee1239	1	1	1	0	1	1	0	0	0	0	0	1	0	0	1	0	1	1	1	0	NA	NA	NA	2	2	0	1	1	0	0	0	1	1	0	0	0	0	0	0	0	0	NA	0	1	0	0	1	1	1	0	NA	NA	NA	NA	0	NA	0	0	1	1	0	1	0	1	2	0	2	0	0	0	0	0	0	1	0	0	1	1	1	1	0	1	1	1	1	NA	1	0	0	1	0	1	1	0	0	0	0	0	0	0	1	0	0	0	1	1	1	1	0	0	0	0	1	0	NA	0	0	0	1	1	0	1	1	0	0	0	0	1	0	1	0	1	0	1	1	1	NA	0	1	0	0	1	0	0	0	0	0	0	0	0	0	0	0	0	1	0	1	1	0	1
siro1249	0	1	1	1	1	0	1	0	0	0	0	0	0	0	1	0	1	0	0	0	0	0	1	NA	NA	0	1	0	0	0	1	0	0	NA	0	1	0	0	0	0	0	0	0	0	0	1	1	0	0	0	0	0	0	0	0	0	0	0	0	1	0	1	1	1	NA	0	NA	0	0	0	0	0	0	0	1	1	1	0	0	1	0	1	1	1	1	0	0	1	1	0	1	0	1	0	0	0	0	0	1	1	1	0	0	0	1	1	0	0	1	1	0	0	1	0	0	0	0	1	1	1	0	1	NA	0	0	1	0	1	0	NA	0	0	1	1	1	1	1	0	0	0	0	1	0	1	0	1	0	0	0	1	1	0	1	1	1	0	1	1	1	1
sisi1250	0	0	1	1	1	1	1	0	0	0	0	1	0	0	1	0	NA	NA	0	1	NA	0	1	1	2	0	NA	1	0	0	0	0	0	NA	1	0	0	0	0	0	NA	0	0	0	NA	NA	NA	NA	NA	0	NA	NA	NA	NA	0	0	0	0	1	1	0	1	1	1	NA	1	1	1	1	0	0	0	0	1	NA	0	NA	NA	1	1	NA	0	0	0	0	0	1	NA	1	0	1	0	0	0	0	0	0	0	0	0	1	0	0	0	NA	NA	1	NA	1	NA	0	0	1	NA	1	0	0	1	NA	NA	NA	NA	0	NA	NA	NA	NA	NA	0	2	0	1	0	NA	NA	1	0	1	1	1	0	1	0	1	NA	0	NA	0	0	NA	0	NA	NA	1	1	0	NA	1	NA	NA
siwa1245	1	0	1	0	0	0	0	0	0	0	0	0	0	0	1	0	1	0	0	1	NA	1	1	NA	NA	0	0	1	0	1	0	0	0	NA	0	0	0	0	0	0	0	0	1	1	0	NA	1	0	0	1	1	0	1	0	0	1	1	1	1	1	1	0	0	1	NA	0	2	0	0	0	0	0	0	0	1	1	1	0	0	1	0	1	1	1	1	1	0	1	1	0	1	0	1	0	NA	NA	NA	NA	0	1	0	0	0	0	1	1	0	0	0	0	1	1	1	0	1	0	0	0	0	1	0	0	0	0	0	1	0	0	0	1	0	0	1	1	1	1	0	0	NA	1	1	1	1	1	1	1	0	0	0	1	1	1	NA	0	1	0	1	1	0	NA
sout2856	1	1	1	0	1	0	0	0	0	0	1	0	1	0	0	0	1	1	1	1	0	1	0	2	2	0	1	1	0	0	0	1	1	0	1	0	0	0	0	0	0	0	0	0	NA	1	1	1	1	0	NA	NA	NA	NA	0	NA	0	0	1	1	0	1	1	1	2	0	2	1	1	0	0	1	1	1	0	1	1	0	1	1	0	0	0	0	0	0	1	0	0	1	0	1	1	0	0	0	0	0	0	0	1	0	0	0	1	1	0	1	0	0	0	1	1	0	0	0	1	0	1	0	0	1	1	0	0	1	0	1	0	1	0	1	0	1	1	1	1	0	0	0	0	1	0	NA	0	0	0	0	0	1	0	0	1	0	0	0	1	1	1	0
sout2918	1	NA	1	0	0	0	1	1	0	0	0	1	0	0	1	0	1	1	0	0	0	0	0	1	NA	0	NA	1	0	0	0	0	0	0	1	0	0	0	0	0	0	0	0	0	NA	NA	NA	NA	1	0	NA	NA	NA	NA	NA	NA	1	0	NA	0	0	0	0	0	2	0	1	1	0	0	1	0	1	1	0	1	1	1	0	0	1	0	0	0	0	0	0	0	0	0	0	0	0	0	NA	NA	NA	NA	0	0	0	0	0	0	NA	1	0	1	0	0	0	0	1	NA	NA	0	0	0	0	1	0	NA	NA	0	0	1	NA	NA	0	2	1	0	0	1	1	1	0	1	1	0	1	1	1	1	0	1	0	0	0	0	0	NA	NA	0	NA	0	0	0	1	0
sout2949	0	0	1	0	0	0	1	0	0	0	0	0	NA	NA	NA	NA	0	0	0	0	0	0	0	3	1	0	1	0	0	0	1	0	1	0	0	0	0	0	0	0	0	0	0	0	NA	NA	1	0	NA	0	NA	NA	NA	NA	NA	NA	0	0	0	0	0	0	0	0	1	0	4	0	0	0	0	0	0	0	1	0	1	1	1	1	0	1	1	1	1	1	0	NA	1	1	1	1	0	1	0	0	0	0	0	1	1	1	0	0	1	1	0	0	1	0	0	NA	NA	0	NA	0	0	NA	0	0	0	0	0	NA	NA	NA	1	0	0	1	0	1	1	1	NA	0	0	0	1	0	1	1	1	NA	NA	NA	0	0	0	0	0	0	0	0	1	0	NA	0	1	NA
suab1238	0	0	1	0	0	0	1	0	0	0	0	0	1	0	0	0	0	0	0	0	0	0	0	2	2	0	1	1	0	1	0	0	0	0	0	0	0	0	0	0	1	0	0	1	NA	NA	1	1	0	1	1	0	0	0	0	1	0	0	1	1	1	0	0	0	1	0	2	0	0	0	1	0	1	0	1	0	1	1	0	1	0	1	1	1	0	1	0	0	1	1	1	1	0	1	1	0	0	0	0	1	0	1	0	0	1	1	0	0	1	0	0	0	1	0	0	0	1	1	0	0	0	1	0	NA	NA	1	0	0	0	1	0	1	1	1	1	0	1	1	1	1	0	1	NA	NA	0	0	0	0	0	0	0	0	NA	1	1	0	1	1	0	1
sude1239	NA	NA	1	1	1	1	1	NA	NA	0	1	NA	0	NA	NA	NA	1	NA	NA	0	NA	NA	NA	NA	NA	NA	NA	1	NA	0	NA	1	0	NA	NA	0	NA	0	0	0	1	0	0	1	1	NA	NA	NA	NA	0	NA	NA	NA	NA	NA	NA	1	1	1	1	0	1	0	1	NA	1	1	NA	NA	0	NA	1	NA	1	1	0	1	NA	NA	NA	NA	NA	NA	NA	NA	1	0	NA	0	1	0	1	1	0	0	0	0	0	NA	0	1	0	0	NA	NA	NA	1	NA	NA	NA	0	0	1	NA	1	1	NA	0	NA	NA	NA	0	0	NA	NA	NA	NA	0	0	1	0	1	0	NA	NA	1	1	1	1	1	0	1	0	1	0	0	NA	NA	NA	0	0	0	NA	0	1	0	NA	1	1	NA
suen1241	0	0	1	0	0	0	1	0	0	0	0	0	1	0	1	1	0	0	0	0	0	0	0	NA	NA	0	1	1	0	0	1	0	1	0	1	0	0	0	0	0	0	0	0	0	0	NA	1	0	1	0	0	0	0	0	0	0	0	0	0	1	0	1	1	0	NA	0	NA	0	0	0	0	0	1	0	1	1	1	0	0	1	0	1	1	1	1	1	0	1	1	0	1	0	0	0	0	0	0	0	0	1	0	1	0	0	0	0	0	0	0	1	1	1	0	0	1	0	0	1	0	1	0	NA	1	NA	NA	1	NA	0	0	NA	0	0	1	1	1	1	1	0	1	0	0	1	0	1	0	1	0	0	0	1	1	1	1	1	0	NA	1	1	1	1
sulk1246	1	0	1	0	1	0	1	0	0	1	1	0	1	0	1	0	1	1	0	1	1	1	0	2	2	0	1	0	0	0	1	0	0	0	0	1	0	0	1	0	1	0	0	1	0	NA	1	1	1	0	NA	NA	NA	NA	0	0	0	0	0	0	1	0	0	1	1	0	2	1	1	0	0	0	0	1	0	0	1	1	1	0	0	0	0	0	0	1	1	0	0	1	0	1	0	0	NA	NA	NA	NA	0	1	1	0	0	0	0	0	0	0	1	0	0	0	1	0	1	0	0	1	1	1	0	NA	0	0	0	1	0	0	0	1	0	1	0	1	1	1	0	0	0	0	0	1	0	1	0	0	0	0	0	0	0	0	1	1	0	0	1	1	0	NA
surs1246	NA	NA	1	0	1	0	1	NA	NA	NA	NA	NA	NA	NA	NA	NA	1	NA	NA	0	NA	NA	NA	NA	NA	NA	NA	1	NA	0	NA	0	0	NA	NA	0	NA	0	NA	NA	NA	0	0	1	NA	NA	NA	NA	NA	0	NA	NA	NA	NA	NA	NA	NA	NA	1	1	0	1	0	1	NA	0	4	NA	NA	0	NA	0	NA	1	0	0	1	NA	NA	NA	NA	NA	NA	NA	NA	0	NA	NA	0	1	0	1	1	0	1	0	1	0	0	0	0	0	0	NA	1	0	1	NA	0	NA	0	0	1	NA	1	0	0	1	NA	NA	NA	1	0	NA	NA	0	NA	0	NA	3	0	1	0	NA	NA	0	0	1	1	1	0	1	0	1	0	NA	NA	NA	NA	0	NA	0	0	0	1	0	1	1	1	1
taga1270	1	0	1	0	1	NA	1	0	0	0	1	0	1	1	1	0	1	0	0	1	0	1	0	1	3	0	1	1	0	0	1	0	0	0	1	0	0	0	0	0	0	0	0	0	0	0	1	1	1	0	NA	NA	NA	NA	NA	0	0	0	0	1	0	0	0	0	3	0	1	1	1	1	1	1	1	1	0	1	1	0	1	1	1	0	0	0	0	0	0	0	0	0	0	0	0	0	0	0	0	0	0	0	0	0	1	1	1	1	0	1	0	0	0	0	1	0	1	0	0	0	1	0	0	0	0	0	0	1	0	0	0	2	1	0	0	1	1	0	0	1	1	1	1	1	1	1	0	1	0	0	0	0	0	0	0	0	1	0	0	1	1	0
tain1253	0	0	1	0	0	0	0	0	0	0	0	0	0	1	1	0	0	1	0	0	NA	0	1	NA	NA	0	0	0	0	1	1	1	1	0	0	0	0	0	0	0	0	0	0	1	0	NA	1	1	1	1	1	1	1	0	0	1	0	0	1	0	1	1	1	1	NA	0	NA	0	0	0	0	0	0	0	1	1	1	0	0	1	0	1	1	1	1	1	0	NA	1	0	1	0	1	0	0	1	0	0	1	0	1	0	0	0	1	1	1	0	0	0	0	NA	0	1	0	0	0	1	0	0	0	1	NA	NA	NA	NA	NA	1	0	NA	0	0	1	1	1	1	1	0	1	NA	1	1	0	1	0	1	0	0	0	1	1	1	NA	NA	0	NA	NA	1	NA	1
taki1248	1	0	1	0	1	0	1	0	0	0	0	0	0	1	1	0	1	0	0	0	0	0	0	2	2	0	0	1	0	0	0	0	0	0	1	0	0	0	0	0	0	0	0	0	NA	NA	1	0	0	0	NA	NA	NA	NA	0	0	0	1	1	1	0	1	0	1	1	0	2	0	0	0	0	0	0	0	1	1	1	0	0	1	0	0	0	0	0	1	1	NA	0	1	0	1	1	0	0	0	0	0	1	0	0	0	0	0	1	1	0	1	1	0	0	NA	0	0	0	0	0	1	0	0	0	1	NA	NA	NA	NA	NA	0	0	1	0	0	1	1	1	1	0	0	1	1	0	1	0	1	0	0	0	0	0	1	0	1	1	1	0	NA	NA	0	0	1
taro1264	0	NA	1	0	0	1	1	0	0	0	0	0	0	0	1	0	1	1	0	0	0	0	0	1	2	NA	NA	1	0	0	0	0	0	NA	0	0	NA	0	0	0	0	0	0	1	NA	NA	0	0	0	0	NA	NA	NA	NA	NA	NA	0	0	0	NA	0	1	0	1	2	NA	1	NA	0	1	1	1	1	1	0	1	NA	0	1	1	1	0	0	1	0	1	NA	0	1	0	1	0	1	0	0	0	NA	0	0	NA	0	0	0	0	NA	1	0	0	NA	NA	1	NA	1	1	1	0	0	1	NA	NA	NA	NA	NA	NA	NA	1	NA	NA	NA	1	1	NA	NA	NA	1	1	0	1	NA	1	NA	NA	NA	NA	NA	0	0	0	0	0	0	0	NA	NA	1	NA	NA	1	1	1
tauy1241	0	0	1	0	0	0	0	0	0	0	0	0	0	0	1	0	1	0	0	0	0	0	0	2	1	0	0	1	0	0	0	1	0	1	0	1	0	0	0	0	0	0	0	0	NA	0	1	0	0	0	NA	NA	NA	NA	0	0	NA	NA	1	1	1	1	1	1	3	0	NA	0	0	0	0	0	0	0	1	1	1	0	0	1	0	0	0	1	0	1	0	1	1	0	1	0	0	1	NA	NA	NA	NA	0	1	1	0	1	0	1	1	0	0	1	0	1	1	1	0	1	0	0	1	1	1	0	1	1	0	0	1	0	0	0	1	0	0	1	1	1	1	1	0	1	0	0	1	0	1	0	1	0	0	0	1	1	0	1	1	0	0	1	1	1	1
tawa1275	0	0	1	0	0	0	1	0	1	0	0	0	0	0	1	0	0	0	0	1	0	0	1	2	3	0	1	1	0	0	0	0	0	0	1	0	0	0	0	0	0	0	0	0	NA	NA	1	1	1	0	NA	NA	NA	NA	0	0	0	0	1	1	0	1	0	1	1	0	2	1	1	0	1	0	0	1	1	0	1	0	1	0	0	1	0	0	0	1	1	0	1	1	0	1	1	0	0	1	0	0	0	0	1	0	0	0	1	1	0	1	0	0	0	0	1	1	0	0	0	1	0	0	0	0	0	0	0	0	NA	0	0	1	0	0	1	1	0	1	0	1	0	1	0	1	0	1	0	1	0	0	0	0	0	0	1	1	1	NA	1	1	1	1
tean1237	1	0	1	1	1	1	0	1	0	0	1	0	0	1	1	0	0	0	0	0	0	0	0	2	2	0	NA	1	0	0	1	1	0	0	1	0	0	0	0	0	NA	0	0	0	0	NA	0	0	0	0	NA	NA	NA	NA	0	NA	0	1	1	1	1	1	0	1	2	0	4	1	0	0	0	0	0	1	0	0	1	0	1	0	NA	0	0	0	0	0	1	0	0	1	0	0	0	0	0	0	0	0	0	0	1	0	0	0	NA	NA	0	0	NA	0	0	1	0	0	0	0	NA	1	NA	0	0	0	NA	0	0	NA	NA	0	0	1	0	1	0	NA	1	1	1	0	1	NA	0	1	NA	0	NA	0	NA	NA	0	0	0	0	NA	1	0	0	NA	NA	NA	NA
teiw1235	0	0	1	0	1	0	1	0	0	0	1	1	0	1	1	0	1	1	0	NA	NA	NA	NA	NA	NA	NA	NA	1	0	0	1	NA	NA	NA	NA	NA	NA	NA	NA	NA	0	0	0	0	NA	1	1	NA	NA	0	NA	NA	NA	NA	0	0	NA	NA	1	NA	1	0	0	1	NA	0	NA	1	0	0	1	0	0	0	0	0	0	NA	0	1	0	NA	NA	NA	NA	NA	NA	NA	0	1	0	0	0	1	NA	NA	NA	NA	0	0	0	0	NA	NA	1	0	NA	NA	NA	NA	NA	NA	NA	NA	NA	NA	NA	NA	NA	NA	NA	NA	NA	NA	NA	NA	NA	NA	NA	NA	NA	NA	NA	NA	NA	NA	NA	NA	NA	NA	NA	NA	NA	NA	NA	NA	NA	NA	NA	NA	NA	NA	NA	NA	NA	NA	NA	1	0	1
tele1256	1	1	1	0	0	0	1	0	0	0	1	0	1	0	0	1	1	0	0	0	0	0	1	2	3	0	1	0	0	1	0	0	1	1	1	1	1	0	0	0	0	0	0	1	1	1	0	0	0	1	1	0	0	0	0	1	0	0	1	0	1	0	0	1	1	0	3	0	0	0	0	0	1	0	1	0	1	1	0	1	0	1	1	1	1	1	0	0	1	0	1	0	0	1	NA	NA	NA	NA	0	0	1	0	1	0	0	0	1	0	1	1	1	0	0	0	0	1	0	1	0	1	0	1	1	0	0	1	0	NA	0	1	0	0	1	1	1	1	1	0	1	0	0	1	0	1	0	1	0	0	0	1	1	1	1	1	0	1	1	1	0	1
teop1238	NA	NA	1	NA	NA	NA	NA	NA	NA	NA	NA	NA	NA	NA	NA	NA	NA	NA	NA	NA	NA	NA	NA	NA	NA	NA	NA	1	NA	NA	NA	1	0	NA	NA	NA	NA	NA	NA	NA	NA	0	0	1	NA	NA	NA	NA	NA	1	NA	NA	NA	NA	NA	NA	NA	0	1	1	0	1	NA	1	NA	NA	4	NA	NA	0	NA	0	NA	1	0	NA	NA	NA	NA	NA	NA	NA	NA	NA	NA	NA	NA	NA	0	0	0	0	1	0	NA	NA	NA	NA	0	NA	0	1	NA	NA	1	1	0	NA	NA	NA	0	NA	1	NA	NA	0	0	1	NA	NA	NA	NA	NA	NA	NA	NA	NA	0	0	1	0	1	0	NA	NA	0	0	0	NA	NA	0	1	0	1	0	NA	NA	NA	NA	0	NA	0	NA	NA	1	NA	NA	NA	NA	NA
tere1278	NA	NA	0	0	0	0	1	0	0	0	0	NA	NA	NA	NA	NA	1	NA	NA	0	NA	NA	NA	NA	NA	NA	NA	0	NA	1	NA	1	1	NA	NA	0	1	0	0	0	1	NA	0	0	0	NA	NA	NA	NA	1	1	0	1	0	0	1	1	0	1	1	1	1	1	0	NA	NA	1	NA	NA	1	NA	1	NA	0	1	0	0	NA	NA	NA	NA	NA	NA	NA	NA	0	0	NA	1	0	1	0	1	0	0	1	NA	0	0	1	1	0	NA	NA	1	NA	0	0	1	NA	1	0	1	1	1	0	0	NA	NA	NA	NA	NA	0	NA	NA	NA	NA	0	0	1	0	0	1	NA	NA	1	0	0	0	NA	0	1	NA	NA	NA	0	0	0	0	NA	1	NA	NA	NA	1	NA	NA	1	1	NA
tetu1245	0	0	1	0	1	0	1	0	0	0	0	0	0	0	1	0	1	1	0	1	0	0	1	2	2	0	NA	1	0	0	0	0	0	NA	0	0	0	0	0	0	0	0	0	0	NA	NA	1	1	1	0	NA	NA	NA	NA	NA	0	1	0	1	1	0	0	1	1	3	0	1	0	0	0	0	0	0	1	0	NA	1	1	1	NA	0	0	0	0	0	0	0	NA	0	1	0	1	0	0	0	0	0	0	0	0	0	0	0	0	NA	0	1	1	0	0	NA	NA	1	0	1	0	1	1	0	1	NA	NA	NA	NA	0	1	NA	0	0	1	0	1	0	NA	NA	1	1	1	0	0	0	1	1	1	0	0	0	0	0	0	0	0	NA	1	1	0	NA	1	NA	1
thay1249	1	1	0	0	1	0	0	1	1	0	1	0	0	0	1	0	1	0	1	0	0	0	0	2	2	1	1	1	0	0	1	0	0	0	1	0	0	0	0	0	0	0	0	0	0	0	0	1	0	0	NA	NA	NA	NA	0	NA	0	0	1	1	0	1	1	1	2	1	4	0	0	0	0	0	0	0	1	1	1	1	0	1	0	0	1	0	0	1	0	0	1	0	1	0	1	0	0	0	0	0	0	0	0	0	0	0	1	1	0	0	0	0	1	0	1	1	1	0	0	0	0	0	0	0	0	0	0	0	1	0	0	3	1	1	1	1	1	0	1	1	1	0	1	1	0	0	1	1	0	0	0	0	0	0	0	0	1	0	0	1	1	1
tido1248	1	1	1	0	1	0	1	1	0	0	0	0	0	0	1	0	1	0	0	0	0	0	0	2	2	0	0	1	0	1	0	0	0	1	1	1	0	0	0	0	0	0	0	0	NA	0	1	NA	1	0	NA	NA	NA	NA	1	0	1	0	1	1	1	0	0	1	1	0	1	1	0	0	0	0	0	1	0	1	1	0	1	0	0	0	0	0	0	0	0	0	0	1	0	1	0	0	0	0	0	0	0	0	0	0	0	0	1	1	0	0	0	0	0	1	1	1	1	0	0	1	1	0	0	1	0	0	0	1	0	0	0	1	0	1	0	1	1	1	1	0	1	1	0	1	0	0	0	0	0	0	0	0	0	0	0	1	1	0	1	1	1	0
tiga1245	NA	NA	1	0	1	0	1	NA	NA	0	0	NA	1	NA	NA	NA	1	NA	NA	1	NA	NA	NA	NA	NA	NA	NA	1	NA	0	NA	0	0	NA	NA	0	NA	0	NA	NA	1	1	NA	1	1	NA	NA	NA	NA	0	NA	NA	NA	NA	NA	NA	NA	NA	1	1	0	1	0	1	NA	1	2	NA	NA	0	NA	0	NA	1	0	NA	1	NA	NA	NA	NA	NA	NA	NA	NA	0	0	NA	0	1	0	1	1	0	0	0	0	0	0	0	1	0	0	NA	1	0	0	NA	0	NA	0	0	1	NA	1	0	0	1	NA	NA	NA	1	NA	NA	NA	NA	NA	NA	0	1	0	1	0	NA	NA	1	0	0	1	1	0	1	0	1	0	0	NA	NA	NA	NA	NA	0	0	1	1	NA	NA	1	0	1
tiwi1244	1	0	1	1	1	1	0	1	1	0	0	0	0	0	1	0	0	0	0	0	0	0	0	3	3	1	1	0	1	1	0	0	0	0	1	0	0	0	0	0	0	0	0	1	1	0	0	0	0	1	1	1	0	1	0	1	0	0	1	1	1	0	0	1	3	0	4	0	0	0	0	0	0	1	0	0	1	1	1	1	0	0	1	0	0	0	1	0	0	1	0	1	0	1	0	0	0	0	0	0	1	0	1	1	1	1	0	1	0	0	1	0	1	1	1	1	0	0	0	0	0	1	1	NA	1	0	0	0	0	1	1	1	0	1	1	0	0	1	1	1	0	1	0	0	1	1	0	0	0	0	0	0	0	0	1	0	0	1	1	0
tobe1252	1	0	1	0	1	0	1	1	0	0	0	0	0	1	1	0	0	0	0	1	0	1	0	2	2	0	0	1	0	1	0	0	0	NA	0	1	0	0	0	0	0	0	0	0	NA	NA	1	1	1	0	NA	NA	NA	NA	0	NA	1	0	1	0	1	0	0	1	1	0	1	1	NA	0	0	0	0	1	1	0	1	1	1	1	0	0	0	0	0	0	0	0	0	1	0	1	0	1	NA	NA	NA	NA	0	0	0	0	0	1	1	1	0	1	0	0	0	0	1	1	1	NA	0	1	0	0	0	0	0	1	NA	1	NA	0	0	1	0	0	1	1	NA	0	1	1	1	1	0	1	0	1	0	1	0	0	0	0	0	0	NA	NA	1	NA	1	1	0	1
touo1238	NA	NA	1	1	0	1	1	NA	NA	0	0	NA	NA	NA	NA	NA	0	NA	NA	1	NA	NA	NA	NA	NA	NA	NA	1	NA	1	NA	1	0	NA	NA	0	NA	0	NA	NA	0	0	1	1	0	NA	NA	NA	NA	1	1	NA	1	NA	0	1	NA	NA	0	1	0	0	0	0	NA	0	1	NA	NA	0	NA	0	NA	0	1	0	1	NA	NA	NA	NA	NA	NA	NA	NA	1	1	NA	0	0	0	0	1	0	0	1	0	0	0	0	0	0	0	NA	1	1	1	NA	1	NA	0	1	1	0	0	0	0	1	NA	NA	NA	NA	NA	NA	NA	1	0	1	0	1	0	0	1	NA	NA	1	1	0	0	0	0	1	0	1	0	0	NA	NA	NA	1	0	0	0	1	1	0	1	1	0	0
tsou1248	1	0	1	0	0	1	1	0	0	0	0	1	0	0	1	0	0	1	0	1	1	0	0	NA	2	0	0	1	0	0	0	0	0	0	1	0	1	0	0	0	0	0	0	0	0	NA	1	1	1	0	0	0	0	0	0	0	1	0	0	1	0	1	0	1	2	0	1	1	1	1	0	1	0	0	0	0	0	0	NA	NA	NA	NA	NA	NA	NA	NA	NA	NA	NA	NA	NA	NA	NA	NA	NA	NA	NA	NA	NA	NA	NA	NA	NA	NA	NA	NA	NA	NA	NA	NA	NA	NA	NA	NA	NA	NA	NA	NA	NA	NA	NA	NA	NA	NA	NA	NA	NA	NA	NA	NA	NA	NA	NA	NA	NA	NA	NA	NA	NA	NA	NA	NA	NA	NA	NA	NA	NA	NA	NA	NA	NA	NA	NA	NA	NA	NA	NA	NA	NA	NA
tung1290	NA	NA	1	0	1	0	1	NA	NA	0	1	NA	NA	NA	NA	NA	1	NA	NA	0	NA	NA	NA	NA	NA	NA	NA	1	NA	0	NA	0	0	NA	NA	0	NA	0	NA	NA	1	NA	NA	NA	NA	NA	NA	NA	NA	0	NA	NA	NA	NA	NA	NA	NA	NA	1	1	0	1	0	1	NA	0	2	NA	NA	0	NA	0	NA	1	0	NA	1	NA	NA	NA	NA	NA	NA	NA	NA	0	0	NA	0	0	0	0	0	0	1	0	1	1	0	0	0	0	0	NA	1	NA	0	NA	NA	NA	0	1	1	NA	1	0	0	NA	NA	NA	NA	NA	NA	NA	NA	NA	0	0	0	1	0	1	0	NA	NA	1	0	1	1	1	0	1	0	1	0	0	NA	NA	NA	0	NA	0	0	0	1	0	NA	1	1	1
tuva1244	1	0	1	0	0	0	0	0	0	1	1	0	0	1	1	0	0	0	0	1	1	1	0	3	2	0	1	1	0	0	1	1	0	0	1	0	0	0	0	NA	0	0	0	1	0	0	0	0	0	0	NA	NA	NA	NA	NA	NA	0	0	1	1	0	0	1	0	3	0	1	1	1	NA	NA	NA	NA	NA	NA	NA	NA	NA	NA	NA	NA	NA	NA	NA	0	NA	0	NA	0	0	0	0	0	0	0	0	0	0	0	1	0	0	0	0	0	0	0	0	1	0	0	1	NA	NA	NA	NA	NA	NA	NA	NA	NA	NA	NA	NA	NA	NA	NA	NA	NA	NA	NA	NA	NA	NA	NA	NA	NA	NA	NA	NA	NA	NA	NA	NA	NA	NA	NA	NA	NA	NA	NA	NA	NA	NA	NA	NA	NA	NA	NA	NA
ulit1238	0	NA	1	0	1	1	0	1	0	0	1	1	0	1	0	0	1	0	1	0	0	0	0	1	2	0	NA	1	0	0	0	1	0	0	1	0	0	0	0	0	NA	0	0	0	0	0	0	1	0	0	NA	NA	NA	NA	0	NA	1	1	1	1	0	1	0	1	3	1	1	0	0	0	1	0	0	1	0	0	1	0	1	1	0	0	0	1	1	0	0	0	0	0	0	0	1	0	0	0	NA	0	0	0	0	0	NA	NA	NA	NA	0	0	0	0	0	0	1	NA	NA	0	0	NA	NA	NA	NA	NA	NA	0	0	NA	0	NA	0	1	0	1	0	1	NA	1	0	0	1	NA	0	1	NA	NA	0	NA	NA	NA	NA	NA	NA	NA	NA	0	1	0	NA	1	1	NA
uman1240	0	0	0	1	0	0	1	0	0	0	0	0	1	0	1	0	0	0	0	0	0	0	0	2	2	0	1	0	0	0	0	0	1	1	0	0	0	0	0	0	0	0	0	0	1	0	1	0	0	0	NA	NA	NA	NA	0	0	0	0	1	0	0	1	0	1	1	0	NA	0	0	0	0	0	0	0	1	0	1	0	0	1	0	1	1	1	0	1	0	0	1	0	1	0	1	1	0	1	0	0	0	1	1	1	0	0	1	1	0	0	1	0	1	0	0	0	1	0	0	1	0	0	0	1	1	0	0	1	1	1	0	1	0	0	1	1	1	1	0	0	1	1	0	1	0	1	0	1	0	0	0	0	0	0	1	1	0	1	1	1	1	1
unaa1239	1	0	1	0	0	0	1	1	0	0	0	0	1	NA	0	1	1	0	0	0	0	0	0	2	1	0	0	0	0	0	1	0	0	0	0	1	0	0	0	0	0	0	0	1	1	NA	1	1	1	0	NA	NA	NA	NA	0	0	0	0	0	0	1	0	0	1	1	0	3	0	0	0	0	0	0	0	1	1	1	1	0	1	0	1	1	1	1	1	0	1	1	0	1	0	1	0	NA	NA	NA	NA	NA	0	1	0	1	0	1	1	0	NA	NA	NA	1	0	1	0	1	0	0	1	NA	NA	NA	1	1	NA	NA	1	1	0	0	1	0	0	1	1	1	1	1	0	1	1	0	1	0	1	0	1	0	0	0	1	1	1	NA	NA	1	NA	1	1	0	NA
unea1237	1	0	1	1	1	1	0	0	0	0	0	0	0	0	1	0	0	0	0	NA	NA	1	0	2	2	0	0	1	0	0	1	0	0	NA	1	0	0	0	0	0	NA	0	0	1	0	NA	1	NA	NA	1	0	0	0	0	0	0	0	1	1	1	0	1	0	1	2	0	2	1	0	0	0	0	0	1	0	0	1	0	1	1	0	0	0	0	0	0	1	0	0	0	NA	0	1	0	0	0	0	0	0	1	0	0	0	0	0	0	0	0	NA	0	0	0	1	NA	1	0	0	1	NA	NA	NA	1	NA	0	NA	NA	0	0	0	1	0	1	0	1	1	0	0	1	1	1	0	1	0	1	0	NA	1	0	0	NA	1	1	NA	NA	0	0	NA	1	1	1
usan1239	0	0	1	1	0	0	1	0	0	0	0	1	1	0	0	0	1	0	0	0	0	0	0	2	2	0	1	0	0	0	0	0	1	1	0	1	1	0	0	0	0	0	0	0	NA	0	1	0	0	0	0	0	0	0	0	0	0	0	0	0	1	0	0	1	1	0	NA	0	0	0	0	0	0	0	1	0	1	0	0	1	0	1	1	1	1	0	0	0	1	0	1	0	0	1	NA	NA	NA	NA	1	1	1	0	1	0	1	1	1	0	1	1	1	0	0	0	1	0	0	1	0	1	0	1	1	0	0	1	0	1	0	1	0	0	1	1	1	1	1	0	0	0	0	1	0	1	1	1	0	0	0	1	1	0	1	1	1	0	1	1	0	1
wamb1258	1	1	0	0	1	0	0	0	1	0	1	0	1	1	1	0	1	0	1	0	0	0	0	3	3	1	1	1	0	1	1	0	0	0	0	0	0	0	0	0	0	0	1	1	0	0	1	1	1	1	1	0	1	0	0	1	0	0	1	1	0	1	1	1	3	0	4	0	0	1	1	1	1	0	0	0	0	0	0	1	0	0	0	1	0	1	1	0	0	0	0	0	0	0	0	0	0	0	0	0	0	0	0	0	1	1	0	0	0	0	1	0	NA	NA	NA	NA	NA	NA	NA	NA	NA	NA	NA	NA	NA	NA	NA	NA	NA	NA	NA	NA	NA	NA	NA	NA	NA	NA	NA	NA	NA	NA	NA	NA	NA	NA	NA	NA	NA	NA	NA	NA	NA	NA	NA	NA	NA	NA	NA	NA
wamb1259	0	0	1	1	0	0	0	0	0	0	0	0	0	0	1	0	1	0	0	0	0	0	0	NA	NA	0	1	0	0	0	0	0	1	0	1	0	1	0	0	0	0	0	0	0	0	NA	1	0	1	0	0	0	0	0	0	0	0	0	0	0	1	1	1	1	NA	0	NA	0	0	0	0	0	0	0	1	1	1	0	0	1	0	1	1	1	1	0	1	0	1	0	1	0	0	0	0	0	0	0	0	0	1	0	0	0	0	0	1	0	0	1	1	NA	0	0	0	0	0	1	1	1	0	1	NA	NA	NA	0	NA	0	0	NA	0	0	1	1	1	1	1	0	1	0	0	1	0	1	0	1	0	0	0	1	1	1	1	1	0	NA	1	1	1	1
warl1254	1	1	0	0	1	0	0	1	1	0	0	0	0	0	1	0	0	0	0	0	0	0	0	3	3	1	1	1	0	0	1	0	0	0	1	0	1	0	0	0	0	0	1	1	0	1	1	1	0	0	NA	NA	NA	NA	0	NA	0	0	1	1	0	1	1	1	3	0	4	0	0	0	1	0	1	0	1	1	1	1	0	1	0	1	1	1	0	0	1	1	1	0	1	0	1	0	0	0	1	0	0	1	0	1	1	0	0	1	0	1	0	0	1	0	0	1	1	0	0	0	0	0	0	0	1	0	0	0	1	NA	NA	NA	NA	NA	NA	NA	NA	NA	NA	NA	NA	NA	NA	NA	NA	NA	NA	NA	NA	NA	NA	NA	NA	NA	NA	NA	NA	NA	NA	NA	NA	NA
warl1256	1	1	1	0	1	1	0	1	1	0	1	0	1	1	1	0	0	0	0	0	0	0	0	2	1	1	1	1	0	0	1	0	0	0	1	0	NA	0	1	0	0	0	1	1	0	0	0	1	0	0	NA	NA	NA	NA	NA	NA	0	0	1	1	0	1	1	1	2	0	4	0	0	1	1	1	1	0	0	0	0	0	0	1	0	1	1	0	0	0	1	0	0	0	0	0	0	0	NA	NA	NA	NA	0	0	0	0	0	0	1	1	0	1	0	0	1	0	1	1	1	0	0	0	0	0	0	0	0	0	0	0	0	0	0	1	0	0	1	1	1	0	0	1	0	0	1	1	1	1	1	0	0	0	0	0	1	1	0	0	1	0	0	1	1	0
wask1241	1	0	1	0	1	0	1	0	0	0	0	0	0	0	1	0	1	0	0	NA	0	0	0	2	2	0	1	0	0	0	0	0	NA	NA	1	0	0	0	0	0	0	0	0	0	NA	0	1	1	1	0	NA	NA	NA	NA	0	0	0	0	1	1	1	0	0	1	1	0	NA	0	0	0	1	0	1	0	1	1	1	0	0	1	0	1	1	1	0	1	0	0	1	0	1	0	0	0	NA	NA	NA	NA	1	1	1	0	0	0	1	1	0	0	NA	0	1	0	NA	0	0	0	0	1	1	1	0	1	NA	0	0	NA	NA	1	0	1	0	0	1	1	1	1	0	0	0	1	0	1	0	0	0	NA	0	0	0	1	1	1	0	NA	NA	NA	1	NA	0	1
west2599	0	0	1	1	1	0	1	0	0	0	0	1	1	NA	NA	1	0	0	0	0	0	0	0	2	1	0	0	0	0	0	1	0	1	0	0	1	1	0	0	0	0	0	0	0	NA	0	1	1	1	0	0	0	0	0	0	0	0	0	0	0	0	1	1	0	1	0	3	0	0	0	0	0	0	0	1	1	1	1	1	1	0	1	1	1	1	1	0	1	1	0	1	0	0	1	0	0	0	0	0	0	1	0	1	0	1	1	0	1	0	0	1	0	1	1	0	0	0	1	0	1	0	0	1	0	0	1	1	1	0	1	0	0	1	1	1	1	0	0	0	0	0	1	0	1	0	1	0	0	0	1	1	1	1	1	1	1	1	1	1	1
wuvu1239	NA	NA	1	0	NA	1	1	NA	NA	0	0	NA	0	NA	NA	NA	0	NA	NA	1	NA	NA	NA	NA	NA	NA	NA	1	NA	0	NA	0	0	NA	NA	0	NA	0	NA	NA	NA	NA	NA	NA	NA	NA	NA	NA	NA	0	NA	NA	NA	NA	NA	0	1	1	0	1	0	1	0	1	NA	0	1	NA	NA	0	NA	0	NA	1	0	NA	1	NA	NA	NA	NA	NA	NA	NA	NA	0	1	NA	0	1	0	1	1	0	0	NA	0	0	0	0	0	0	NA	NA	1	0	1	NA	0	NA	0	0	1	NA	1	0	0	1	NA	NA	NA	1	0	NA	NA	1	NA	NA	NA	NA	0	1	0	NA	NA	0	0	1	1	NA	0	1	0	1	0	NA	NA	NA	NA	0	NA	1	0	0	1	0	NA	1	NA	NA
xara1244	1	0	1	1	0	1	0	1	0	0	1	1	0	0	1	0	0	0	0	1	0	1	0	1	2	0	1	1	0	0	1	0	0	0	1	0	1	0	0	0	0	0	0	0	0	0	1	1	1	0	NA	NA	NA	NA	0	NA	1	1	1	1	0	1	0	0	2	0	2	1	0	0	1	0	0	1	0	1	1	1	0	0	0	0	0	0	1	0	0	0	0	0	0	0	0	0	0	0	0	0	0	0	0	0	0	0	1	1	0	0	0	0	0	1	1	0	0	1	0	1	1	NA	0	1	1	0	0	1	1	0	0	1	0	1	0	1	1	1	0	0	1	1	0	1	NA	NA	0	NA	NA	0	0	0	NA	1	0	0	1	0	0	1	0	1
yabe1254	1	0	1	0	0	0	0	0	0	0	0	0	1	0	1	1	1	0	0	0	0	0	0	2	2	0	1	1	0	0	1	0	0	0	1	0	1	0	0	0	0	0	1	1	1	0	1	1	0	0	NA	NA	NA	NA	0	0	0	0	1	1	0	1	1	1	1	0	2	0	0	0	0	0	0	1	1	0	1	1	1	0	0	0	0	0	0	0	1	NA	0	1	0	1	0	0	NA	NA	NA	NA	0	0	0	0	0	0	0	0	0	1	0	0	1	0	0	0	0	0	0	1	0	0	0	0	0	1	0	NA	1	0	0	1	0	1	0	1	1	1	1	0	0	1	0	1	0	0	0	0	0	0	0	0	0	0	1	1	0	0	NA	0	1	0
yany1243	1	1	0	1	1	0	0	1	1	0	0	0	0	0	1	0	1	0	1	0	0	0	0	1	1	NA	1	1	0	1	1	0	0	0	0	0	0	0	0	1	NA	0	1	1	1	NA	0	1	0	1	1	0	1	1	0	1	0	0	1	1	1	0	1	0	1	0	4	0	0	1	0	1	1	0	0	0	0	0	1	1	0	1	1	1	0	NA	1	0	0	1	0	1	0	1	0	NA	NA	NA	1	0	0	0	0	0	1	1	1	0	0	0	NA	0	1	1	1	NA	0	0	0	0	0	0	0	0	0	1	0	0	0	NA	NA	NA	NA	1	1	0	0	1	1	1	1	1	0	0	1	0	0	0	0	0	0	0	0	0	1	0	NA	0	1	NA
yape1248	0	NA	1	0	1	1	0	0	1	0	1	0	0	1	1	0	1	1	0	1	0	1	0	1	2	0	NA	1	0	0	1	0	0	0	1	0	0	1	0	0	0	0	0	0	0	NA	0	1	NA	0	NA	NA	NA	NA	NA	NA	0	0	1	1	0	1	0	1	2	0	1	1	1	0	0	0	0	1	0	0	1	1	1	1	0	0	0	0	0	0	0	0	0	1	1	1	1	0	1	0	0	0	0	1	0	1	0	0	0	0	0	0	0	0	0	0	1	0	0	0	0	0	0	0	0	0	0	1	0	1	NA	0	0	2	1	0	0	1	1	1	0	1	0	NA	0	1	0	1	0	0	0	0	0	0	0	0	0	NA	1	0	NA	1	NA	1
yele1255	1	0	1	1	0	1	0	0	0	0	1	NA	0	1	1	0	0	1	0	0	0	0	0	2	1	0	1	0	0	0	1	1	1	NA	1	0	0	0	0	0	1	0	1	1	0	0	1	0	0	0	0	0	0	NA	0	0	0	0	1	1	1	0	0	1	1	0	1	0	0	0	0	1	0	0	1	1	1	0	1	1	1	1	1	1	1	1	0	0	1	1	1	1	1	0	1	1	0	0	1	1	1	1	0	NA	0	0	1	1	1	0	1	0	0	1	1	0	0	0	0	0	0	0	0	1	1	0	1	1	0	1	0	0	1	1	1	0	0	0	1	0	1	1	1	1	1	1	0	0	0	0	0	1	0	0	0	0	0	1	1	0
yess1239	0	0	1	1	1	0	0	0	0	0	0	1	0	1	1	0	1	0	NA	0	0	0	0	2	1	0	0	0	0	1	1	0	NA	NA	1	1	0	0	0	0	0	0	0	0	NA	1	NA	NA	NA	1	1	0	0	0	1	0	0	0	0	0	0	1	1	0	1	0	2	0	0	0	0	0	0	1	1	1	1	0	1	1	0	1	1	1	1	0	0	0	0	0	0	0	0	0	NA	NA	NA	NA	0	0	0	0	0	0	0	0	0	1	0	0	0	NA	0	0	0	NA	0	1	0	0	0	0	NA	NA	NA	1	NA	0	0	1	0	0	1	1	1	1	1	0	1	0	0	0	0	0	0	NA	0	0	0	1	0	1	0	1	0	0	1	1	1	1
yima1243	1	1	0	0	1	0	0	0	0	0	0	1	0	0	0	0	1	1	1	0	0	0	0	3	3	0	1	0	0	0	1	1	0	1	1	0	0	0	1	1	1	0	1	1	0	NA	1	1	1	1	1	0	1	0	0	1	NA	NA	0	0	0	0	0	0	3	0	2	1	0	0	0	1	0	0	1	0	1	0	1	1	0	1	1	1	1	0	1	0	0	1	0	1	1	1	1	0	0	1	0	1	1	1	1	0	1	1	1	1	0	0	0	0	1	0	1	0	1	1	0	0	0	0	0	1	1	0	1	0	1	1	0	1	1	1	1	0	0	0	1	0	1	1	1	1	0	0	0	0	1	1	0	1	1	1	1	1	1	1	0	0
